campagne,dept_code,stock_production_total,stock_aop_total,stock_igp_total,stock_vsig_total,stock_rose_total,stock_rouge_total,stock_blanc_total,nb_declarants,prod_commercialisable,prod_total,prod_aop_total,prod_igp_total,prod_vsig_total,prod_rose_total,superficie_totale_ha,annual_sortie_hl,stock_commerce,stock_start,implied_absorption,gap_sortie_vs_absorption,stock_turnover_months,stock_to_sortie_ratio,yield_hl_per_ha,rose_pct_production,rose_pct_stock
2019-2020,01,26761.129999999997,18954.48,779.4200000000001,7027.23,9772.249999999998,4050.22,12938.66,130.0,36041.45999999999,36432.80999999999,24829.839999999997,1172.3200000000002,10039.3,14049.759999999998,732.9736,37652.0,,,,,8.528990757463083,0.7107492297885902,49.17156634290784,38.98221659166971,36.51658207258064
2020-2021,01,29875.67999999999,21557.289999999997,876.28,7442.110000000001,11132.71,4907.71,13835.26,126.0,38904.630000000005,39520.8,27051.43,1333.24,10519.96,15729.62,727.9386000000001,31442.0,,26761.129999999997,35790.080000000016,-4348.080000000016,11.402205966541565,0.9501838305451303,53.44493340509763,40.43122887944185,37.26345308290892
2021-2022,01,20069.33,14795.89,676.82,4596.62,6264.46,3829.04,9975.83,128.0,18501.260000000002,18678.95,12134.68,904.64,5461.94,5497.0,716.7225999999999,35454.0,,29875.67999999999,28307.609999999986,7146.390000000014,6.79280081232019,0.5660667343600159,25.81369695890712,29.71148992014598,31.21409633505453
2022-2023,01,21584.370000000006,15818.37,1125.33,4640.67,6111.49,4461.47,11011.41,122.0,36838.07000000001,37142.950000000004,25085.410000000003,2147.04,9605.619999999999,13107.210000000003,730.7685999999997,34371.0,,20069.33,35323.03,-952.0299999999988,7.535784236711183,0.6279820197259319,50.410034038134675,35.5806099505213,28.314423816863766
2023-2024,01,21946.159999999996,15208.189999999999,1331.68,5406.289999999999,5553.28,4958.49,11434.39,112.0,34702.630000000005,34980.85999999999,23662.54,1456.25,9583.84,13805.340000000002,722.7399999999996,30781.0,,21584.370000000006,34340.84000000002,-3559.8400000000183,8.555729833338747,0.7129774861115622,48.015372056341185,39.781826334200034,25.30410787126313
2024-2025,01,18166.48,12293.3,1222.9299999999998,4650.25,3695.64,4418.5,10052.34,102.0,21626.109999999997,21773.65,15080.89,1168.3899999999999,5376.829999999998,8154.799999999999,720.4432000000002,41093.0,,21946.159999999996,25405.78999999999,15687.21000000001,5.3049852772978365,0.4420821064414864,30.017786273782573,37.70812226516928,20.34318150792008
2019-2020,02,239530.08000000013,239498.19000000012,0.0,31.89,13693.590000000006,509.99,225326.50000000012,301.0,156032.71,166844.69999999998,155564.46,0.0,468.25,59.32,2390.597,194774.0,,,,,14.757416082228643,1.2297846735190536,65.26934903708153,0.03801766950019647,5.716856104252125
2020-2021,02,230959.24000000002,229830.95,0.0,1128.29,12902.619999999999,523.32,217533.3,296.0,130582.56,148379.29,129641.33,0.0,941.2299999999999,55.9,2439.1491,118055.0,,239530.08000000013,139153.4000000001,-21098.40000000011,23.47643793147262,1.9563698276227184,53.5361122450448,0.042808166726092674,5.586535528953073
2021-2022,02,108630.76000000001,107293.84000000001,0.0,1336.92,8901.77,182.38,99546.61,273.0,94948.3,96877.79000000001,94611.14,0.0,337.15999999999997,86.0,2418.9388,134672.0,,230959.24000000002,217276.78000000003,-82604.78000000003,9.679585362955924,0.8066321135796602,39.25204722004542,0.09057560798876861,8.194520594350992
2022-2023,02,261146.49,259559.34,0.0,1587.15,11935.15,1577.11,247634.23,296.0,222392.4699999998,231737.9499999998,221438.16999999978,0.0,954.3,58.57,2423.8939999999993,160251.0,,108630.76000000001,69876.73999999982,90374.26000000018,19.55530935844394,1.6296091132036616,91.75008065534213,0.026336323347638548,4.570289265614867
2023-2024,02,237866.12,235364.26,0.0,2501.86,11711.78,428.0,225726.34,272.0,228653.96000000034,237324.65999999997,226929.89000000033,0.0,1724.0700000000002,17.49,2481.4584999999984,130225.0,,261146.49,251934.3300000003,-121709.33000000031,21.918935995392587,1.8265779996160492,92.14498650692748,0.007649113096488673,4.923685642999516
2024-2025,02,239684.76,237345.7,0.0,2339.06,11823.39,276.51,227584.86000000002,284.0,135510.1100000001,136504.75000000017,134496.9100000001,0.0,1013.2000000000002,4.02,2466.3793000000005,122871.0,,237866.12,133691.4700000001,-10820.470000000088,23.408429328319947,1.9507024440266623,54.94293193265126,0.002966568324680717,4.932891853449505
2019-2020,03,24796.48,22887.57,662.79,1246.1200000000001,2442.98,17186.91,5166.59,24.0,15984.85,16330.25,14742.35,627.69,614.81,2408.8100000000004,602.5896,19244.0,,,,,15.462365412596133,1.2885304510496778,26.526926452099406,15.069331273049173,9.852124172463189
2020-2021,03,27722.630000000005,25505.160000000003,807.78,1409.6899999999998,2423.3199999999997,19200.420000000002,6098.890000000001,25.0,23467.669999999995,24011.259999999995,21548.21,1001.56,917.9000000000001,2651.79,612.6073999999999,20763.0,,24796.48,20541.51999999999,221.48000000001048,16.022326253431586,1.3351938544526323,38.30784610176109,11.299758348400163,8.741306290204065
2021-2022,03,22866.690000000002,20905.83,504.06,1456.8,2062.88,16774.77,4029.04,25.0,14357.339999999998,14645.309999999998,13219.149999999998,444.09000000000003,694.1,2304.21,603.2446,20029.0,,27722.630000000005,19213.28,815.7200000000012,13.70014878426282,1.1416790653552351,23.80019647088428,16.04900350622051,9.021331902431003
2022-2023,03,27462.410000000003,25004.58,889.4100000000001,1568.4199999999998,2847.39,18798.87,5816.15,25.0,25016.1,25636.219999999998,22612.119999999995,1288.2,948.88,3132.1900000000005,604.6834999999999,20156.0,,22866.690000000002,20420.379999999997,-264.3799999999974,16.349916650128996,1.3624930541774163,41.37056823941782,12.520696671343657,10.368318002680752
2023-2024,03,33473.35,30649.04,1188.87,1635.44,2900.2400000000002,22829.68,7743.43,26.0,26956.52,27877.52000000002,23721.96,1269.82,1513.87,2763.29,588.4857999999999,18545.0,,27462.410000000003,20945.58000000001,-2400.580000000009,21.659757346993796,1.80497977891615,45.806576811199186,10.250915177478397,8.664325500734167
2024-2025,03,30559.969999999998,28194.649999999998,795.96,1569.3600000000001,2567.6900000000005,21407.17,6585.11,26.0,15973.93,16360.870000000003,14786.28,402.3,785.3499999999999,1601.2199999999998,576.7846999999998,19140.0,,33473.35,18887.31,252.6899999999987,19.15985579937304,1.5966546499477532,27.694788020556032,10.023957786217917,8.40213521152017
2019-2020,04,21472.679999999997,9089.739999999998,9942.43,2440.51,10259.49,9351.279999999999,1861.9099999999999,11.0,36039.02,37282.88,13345.5,19872.75,2820.77,22971.839999999997,714.8342,40549.0,,,,,6.354587289452266,0.5295489407876889,50.41591462747585,63.74157787864375,47.77927114826841
2020-2021,04,25209.030000000006,9409.98,13406.570000000002,2392.48,12103.220000000001,10401.99,2703.82,11.0,42904.630000000005,44451.00000000001,12817.39,26201.28,3885.96,27156.699999999997,697.4043,48616.0,,21472.679999999997,39168.27999999999,9447.720000000008,6.222403324008559,0.5185336103340465,61.52045520797621,63.29549980969419,48.01144669191952
2021-2022,04,21477.790000000005,5666.67,13218.03,2593.09,11085.56,8864.41,1527.8200000000002,12.0,35141.56,36210.009999999995,10303.73,21019.34,3818.49,21115.9,682.8348000000001,45338.0,,25209.030000000006,38872.8,6465.199999999997,5.6847121619833265,0.47372601349861054,51.46421945688766,60.08811219536071,51.61406271315623
2022-2023,04,24616.620000000003,7144.77,15126.62,2345.2300000000005,11359.0,11056.1,2201.52,13.0,37421.990000000005,38387.50000000001,11440.32,22575.33,3406.34,21917.120000000003,702.1291999999999,50489.0,,21477.790000000005,34283.16000000001,16205.83999999999,5.850768286161342,0.48756402384677855,53.297868825281746,58.56748932913509,46.143621666987585
2023-2024,04,23680.059999999998,7312.610000000001,13742.060000000001,2625.39,10101.75,11149.71,2428.6,13.0,33378.369999999995,34392.38999999999,10092.11,19657.109999999997,3629.15,20079.739999999998,728.1392999999999,37380.0,,24616.620000000003,34314.93,3065.0699999999997,7.601945425361155,0.6334954521134296,45.84063791090523,60.15794060644664,42.65930914026401
2024-2025,04,19438.729999999996,8353.33,9562.23,1523.17,7459.949999999999,9504.74,2474.0399999999995,13.0,25114.210000000003,25949.270000000008,9771.380000000001,13572.57,1770.26,15452.0,708.0697000000002,34992.0,,23680.059999999998,29355.540000000008,5636.459999999992,6.666231138545952,0.555519261545496,35.4685562734855,61.52692041676803,38.37673551718657
2019-2020,05,4661.909999999999,0.0,4556.19,105.72,1319.1499999999999,1918.35,1424.4100000000003,9.0,5006.26,5149.0,0.0,4930.89,75.36999999999999,1406.05,114.3341,4675.0,,,,,11.966399999999998,0.9971999999999998,43.78623700190931,28.08583653266111,28.296342057225477
2020-2021,05,5431.56,0.0,5348.77,82.79,1270.8200000000002,2222.64,1938.1,12.0,5699.92,5932.6,31.3,5661.62,7.0,1322.29,117.1988,5392.0,,4661.909999999999,4930.269999999998,461.7300000000023,12.088041543026707,1.0073367952522256,48.634627658303664,23.198395766958132,23.396961462268667
2021-2022,05,4153.59,0.0,3992.77,160.82,956.57,1921.58,1275.44,12.0,5288.509999999999,5469.48,0.0,5129.79,158.72,1198.89,123.78689999999999,6787.0,,5431.56,6566.48,220.52000000000044,7.343904523353469,0.6119920436127891,42.72269521249825,22.669712263000356,23.02995721773213
2022-2023,05,4534.549999999999,0.0,4410.24,124.30999999999999,674.9300000000001,2362.7,1496.92,13.0,5718.980000000001,5893.440000000001,0.0,5561.980000000001,157.0,1177.09,133.9772,5718.0,,4153.59,5338.020000000002,379.97999999999774,9.516369359916053,0.7930307799930044,42.686218252060804,20.582166750014856,14.88416711691348
2023-2024,05,5222.49,0.0,5085.16,137.32999999999998,723.52,3108.3799999999997,1390.59,14.0,6387.840000000001,6563.94,0.0,6176.540000000001,211.3,1390.51,138.37499999999994,5645.0,,4534.549999999999,5699.9,-54.899999999999636,11.101838795394153,0.9251532329495128,46.163252032520354,21.76807809838693,13.853927915611136
2024-2025,05,3948.2999999999997,0.0,3885.98,62.32,671.0799999999999,2303.97,973.25,14.0,4277.910000000001,4421.01,0.0,4214.68,63.23,1302.3100000000004,142.7709,5567.0,,5222.49,5552.100000000002,14.899999999997817,8.51079576073289,0.7092329800610742,29.96345894016218,30.442669434373332,16.996682116353874
2019-2020,06,3704.7999999999997,2558.3099999999995,1130.71,15.780000000000001,426.9,2074.3,1203.6,17.0,2105.38,2137.28,1353.1299999999999,746.55,5.7,317.85,81.57990000000001,1332.0,,,,,33.376576576576575,2.7813813813813812,25.807582505004294,15.097037114440148,11.522889224789463
2020-2021,06,3640.59,2859.09,770.3499999999999,11.15,417.65,1916.7200000000003,1306.22,17.0,2047.41,2074.21,1328.24,714.17,5.0,318.48,80.6016,2161.0,,3704.7999999999997,2111.62,49.38000000000011,20.216140675613143,1.6846783896344286,25.401604930919486,15.555262502381057,11.472041619627586
2021-2022,06,2802.8699999999994,2022.8899999999999,770.23,9.75,251.21,1728.23,823.43,17.0,2186.72,2213.6699999999996,1266.72,909.8,10.2,402.14,79.8783,2950.0,,3640.59,3024.44,-74.44000000000005,11.40150508474576,0.9501254237288134,27.375645200260895,18.390100241457528,8.9625990502592
2022-2023,06,2182.8099999999995,1570.86,578.75,33.2,153.35,1489.11,540.35,16.0,1812.8100000000004,1829.9600000000005,1035.0100000000002,761.2,16.6,341.93,80.17409999999998,2216.0,,2802.8699999999994,2432.870000000001,-216.8700000000008,11.820270758122742,0.9850225631768951,22.61091798972487,18.861877416828015,7.025348060527486
2023-2024,06,2712.34,1897.0900000000001,694.85,120.4,236.28000000000003,1729.8799999999999,746.1800000000001,17.0,2361.8,2386.1000000000004,1337.05,966.6,58.15,442.45,80.6856,1609.0,,2182.8099999999995,1832.2699999999995,-223.26999999999953,20.228763206960846,1.6857302672467371,29.271642027821574,18.733593022271148,8.711297256243688
2024-2025,06,2937.45,2084.7200000000003,741.0899999999999,111.64000000000001,270.65000000000003,1847.8600000000001,818.94,17.0,2006.5800000000002,2037.7399999999996,1210.92,730.75,64.91,388.7,86.8663,1881.0,,2712.34,1781.4700000000003,99.52999999999975,18.739712918660285,1.5616427432216904,23.099637028398817,19.371268526547656,9.213773851469814
2019-2020,07,332381.78,86690.38,223844.74,21846.660000000003,60799.6,216918.84000000003,54663.34,238.0,509572.01000000007,522095.12000000005,108738.22,382021.72000000003,18442.290000000005,133198.0,10231.055300000002,827895.0,,,,,4.8177381914373205,0.4014781826197767,49.80639778185932,26.13919080838054,18.292097719676452
2020-2021,07,375239.54,90858.04,266271.5,18110.0,88077.03,230106.01,57056.50000000001,248.0,510566.39,523074.09,105906.31,388170.05000000005,15827.53,174650.10000000003,10314.4204,768436.0,,332381.78,467708.63000000006,300727.36999999994,5.859791160226746,0.4883159300188955,49.50025015462817,34.207128283551924,23.472214575255048
2021-2022,07,398474.51999999996,96394.17,277889.77,24190.58,78353.62,272742.83,47378.07,244.0,490094.95999999996,501914.61,109916.68999999999,359401.7,19377.4,131334.26,10322.260400000001,760656.0,,375239.54,466859.98000000004,293796.01999999996,6.286276897835552,0.5238564081529626,47.4794222397257,26.797716915921765,19.663395290619835
2022-2023,07,378269.23999999993,92143.85,267827.95999999996,18297.43,85416.33,250846.83999999997,42006.07000000001,250.0,479387.93000000017,491212.2200000002,97994.1300000001,365585.02,15805.350000000004,157867.8400000001,10258.18579999999,886712.0,,398474.51999999996,499593.21000000025,387118.78999999975,5.119171591226913,0.4265976326022428,46.73223310110065,32.93112532057285,22.580828935495788
2023-2024,07,363827.3399999999,80796.39000000001,257397.1,25633.85,79511.02000000002,234871.90000000002,49444.42,254.0,514027.01999999984,526239.9400000003,100968.36000000007,389656.2699999997,23054.43,164681.31999999975,10308.566400000003,832388.0,,378269.23999999993,528468.9199999999,303919.0800000001,5.2450636962570325,0.4370886413547527,49.86406451240394,32.03748316576817,21.854053079133646
2024-2025,07,339815.63000000006,77603.62000000001,243106.15,19105.86,61147.75,232279.59,46388.28999999999,257.0,489187.66000000003,499428.0399999996,96049.55999999998,374758.62,17720.01,160611.7700000001,10283.739699999993,932876.0,,363827.3399999999,513199.36999999994,419676.63000000006,4.3711999879941175,0.3642666656661765,47.56904338992559,32.83234290905868,17.99439007558304
2019-2020,08,,,,,,,,,,,,,,,,0.0,,,,,,,,,
2020-2021,08,,,,,,,,,2.0,2.0,0.0,0.0,2.0,0.0,1.7118,0.0,,,,,,,1.168360789811894,0.0,
2021-2022,08,,,,,,,,,,,,,,,,0.0,,,,,,,,,
2022-2023,08,6.6899999999999995,0.0,0.0,6.6899999999999995,0.43,0.0,6.26,1.0,23.98,23.98,0.0,0.0,23.98,3.5,1.3,29.0,,,,,2.7682758620689656,0.23068965517241377,18.446153846153845,14.595496246872393,6.427503736920778
2023-2024,08,10.23,0.0,0.0,10.23,3.48,0.0,6.75,2.0,10.700000000000001,10.700000000000001,0.0,0.0,10.700000000000001,0.0,1.371,13.0,,6.6899999999999995,7.16,5.84,9.443076923076925,0.786923076923077,7.8045222465353765,0.0,34.01759530791789
2024-2025,08,2.6500000000000004,0.0,0.0,2.6500000000000004,0.79,0.0,1.86,2.0,,,,,,,,17.0,,10.23,,,1.8705882352941179,0.1558823529411765,,,29.81132075471698
2019-2020,09,1245.58,0.0,1245.58,0.0,99.99,1095.2,50.39,2.0,2180.7200000000003,2233.9500000000003,0.0,2016.68,164.04000000000002,265.5,67.5211,1681.0,,,,,8.89170731707317,0.7409756097560976,32.29686720151182,12.174878021937708,8.027585542478203
2020-2021,09,1335.39,0.0,1335.39,0.0,112.7,1186.49,36.2,2.0,2287.15,2329.4900000000002,0.0,2071.36,215.79,239.8,66.8611,1871.0,,1245.58,2197.34,-326.34000000000015,8.564767504008552,0.713730625334046,34.20748387328357,10.484664320223859,8.439482098862504
2021-2022,09,1795.96,0.0,1757.73,38.23,92.13,1604.61,99.22,3.0,1858.04,1908.32,0.0,1728.44,129.6,250.5,69.97169999999998,2210.0,,1335.39,1397.4700000000003,812.5299999999997,9.751819004524888,0.8126515837104072,26.55416404060499,13.481948720156725,5.129846989910688
2022-2023,09,1903.84,0.0,1857.6699999999998,46.17,102.74,1721.0,80.1,3.0,2138.6,2187.63,0.0,1955.6,182.99999999999997,298.5,73.0628,1739.0,,1795.96,2030.72,-291.72,13.137481311098332,1.0947901092581944,29.27070958134646,13.957729355653232,5.396461887553576
2023-2024,09,1225.19,0.0,1200.21,24.98,14.47,1165.72,45.0,3.0,769.55,803.1,0.0,699.0,70.55,107.0,69.2128,1521.0,,1903.84,1448.1999999999998,72.80000000000018,9.666193293885602,0.8055161078238001,11.118608118729483,13.904229744655968,1.181041307878778
2024-2025,09,1203.9099999999999,0.0,1162.4199999999998,41.489999999999995,57.6,1069.81,76.5,3.0,1521.91,1554.0200000000002,0.0,1354.01,167.9,213.76,65.0452,1347.0,,1225.19,1543.1900000000005,-196.1900000000005,10.725256124721602,0.8937713437268002,23.397729578815966,14.04550860431957,4.784410794826856
2019-2020,10,531546.7799999996,531546.7799999996,0.0,0.0,23747.419999999987,2017.27,505782.0899999995,698.0,472941.36,501569.64,472937.56,0.0,3.8,0.0,7121.1472,275842.0,,,,,23.12396719861368,1.92699726655114,66.41364750892946,0.0,4.467606783357808
2020-2021,10,524260.69999999995,524260.69999999995,0.0,0.0,22488.04,2050.24,499722.42,672.0,383331.15,425282.11000000004,383331.15,0.0,0.0,0.0,7112.7813,297753.0,,531546.7799999996,390617.22999999963,-92864.22999999963,21.128681826883355,1.760723485573613,53.893285036051935,0.0,4.289476590558857
2021-2022,10,422693.75,422693.75,0.0,0.0,19221.75,1307.28,402164.72,642.0,275468.46,279770.32,275468.46,0.0,0.0,0.0,7015.0233,334396.0,,524260.69999999995,377035.4099999999,-42639.409999999916,15.168617447577125,1.2640514539647603,39.26835994970965,0.0,4.5474412621431
2022-2023,10,473367.02,473367.02,0.0,0.0,22930.09,1917.04,448519.89,638.0,638929.329999999,667290.559999999,638929.329999999,0.0,0.0,0.0,6648.9228000000085,399691.0,,422693.75,588256.0599999991,-188565.05999999912,14.211989361781976,1.1843324468151648,96.09516446784406,0.0,4.844040465683477
2023-2024,10,470124.32,468250.07,0.0,1874.25,22924.63,1638.2,445561.49,576.0,642760.7100000014,682359.4100000001,642755.7100000014,0.0,5.0,0.0,6954.045100000015,303533.0,,473367.02,646003.4100000013,-342470.4100000013,18.58609060629322,1.5488408838577683,92.42975861631959,0.0,4.8762910202135465
2024-2025,10,510525.62,508554.45,0.0,1971.17,23116.51,1308.56,486100.55,572.0,213108.2199999999,211604.55000000005,212906.0199999999,0.0,202.2,202.2,6808.573400000002,255416.0,,470124.32,172706.91999999993,82709.08000000007,23.985605600275626,1.9988004666896357,31.29998128535999,0.09488137060128421,4.52798235669348
2019-2020,11,2466059.44,849534.7500000002,1404454.0099999998,212070.68000000005,261522.28999999998,1816631.3199999998,387905.8300000001,734.0,3788256.22,3857267.5500000003,728480.23,2813735.3000000003,245831.50999999998,507057.4700000001,64597.4012,5273849.0,,,,,5.611217401180807,0.4676014500984006,58.6440963510464,13.384983500403255,10.604865631300434
2020-2021,11,2650987.2300000004,786369.58,1622633.19,241984.46,385769.66000000003,1837463.7999999998,427753.77,737.0,3741781.0600000005,3806161.3200000003,626595.99,2810378.0599999996,304713.95,639465.81,64052.800200000005,5506413.0,,2466059.44,3556853.2699999996,1949559.7300000004,5.777235881144405,0.4814363234287004,58.41713474378284,17.08987778135795,14.551924491918431
2021-2022,11,2258595.15,719277.72,1384146.62,155170.81,334025.31,1610855.4300000002,313714.41000000003,723.0,2839060.9600000004,2885402.9600000004,533751.05,2135347.02,169962.89,447409.48999999993,63586.40839999999,5036794.0,,2650987.2300000004,3231453.0400000014,1805340.9599999986,5.381030433247816,0.44841920277065134,44.648864929443015,15.759065983563799,14.78907408439268
2022-2023,11,2816350.67,811530.91,1811770.8800000001,193048.88,380569.32999999996,1975014.62,460766.72,750.0,3835405.270000004,3904402.840000004,652166.3500000007,2795535.370000004,386802.12000000005,578407.1900000001,63422.36309999987,5161461.0,,2258595.15,3277649.7500000037,1883811.2499999963,6.547798780229086,0.5456498983524238,60.47402024350007,15.080732003061554,13.51285314197042
2023-2024,11,2560842.390000001,738810.92,1655069.61,166961.86,313717.15,1734926.4300000002,512198.81000000006,754.0,3179800.630000001,3220119.98,514599.54000000004,2373272.7700000005,291714.8400000001,490249.6900000006,62565.270899999916,4752985.0,,2816350.67,3435308.9099999997,1317676.0900000003,6.465433549653537,0.5387861291377947,50.823733107179834,15.417623525661117,12.250545024756478
2024-2025,11,2152843.8200000003,603990.02,1394230.1199999999,154623.68,324591.00999999995,1408279.35,419973.45999999996,756.0,2584443.8099999996,2618966.559999984,380645.55999999994,2029373.449999999,174376.39000000004,516299.46999999974,61296.79219999992,4617683.0,,2560842.390000001,2992442.380000001,1625240.6199999992,5.594607910504035,0.46621732587533626,42.16279053506494,19.97719849827185,15.077313411429907
2019-2020,12,18508.109999999997,16000.109999999999,2040.2699999999995,467.73,1425.8000000000002,16403.019999999997,679.29,66.0,11375.17,11718.01,8795.320000000002,1988.5,591.35,1815.49,386.92599999999993,10681.0,,,,,20.79368223949068,1.73280685329089,29.398825615233925,15.960113123584089,7.703649913470367
2020-2021,12,21906.02,18448.23,2867.58,590.21,1609.4600000000003,19536.77,759.79,60.0,14812.189999999999,15240.3,10966.31,2795.69,1050.19,2035.4200000000003,387.9826,11762.0,,18508.109999999997,11414.279999999995,347.7200000000048,22.349280734568953,1.8624400612140792,38.177459504627265,13.741519653744655,7.347112802782068
2021-2022,12,17567.93,14883.01,2303.25,381.67,1025.23,16192.779999999999,349.92,61.0,8157.679999999999,8364.59,5589.95,2077.02,490.71000000000004,1088.44,397.7931,14167.0,,21906.02,12495.77,1671.2299999999996,14.880719983059222,1.2400599985882685,20.507344144481138,13.342518951466595,5.835804218254513
2022-2023,12,19863.89,16196.93,3217.66,449.29999999999995,931.35,18407.95,524.59,58.0,12743.959999999997,13087.329999999998,9371.759999999998,2591.4500000000003,780.7499999999999,1535.59,399.87800000000004,11699.0,,17567.93,10448.0,1251.0,20.374961962560903,1.697913496880075,31.86962023417141,12.049551316859127,4.688658666555242
2023-2024,12,18512.71,15646.12,2114.56,752.03,1053.52,17098.54,360.65,57.0,9386.430000000002,9564.040000000003,7237.350000000001,1684.82,464.26,1517.83,398.61499999999995,10686.0,,19863.89,10737.61,-51.61000000000058,20.789118472768106,1.7324265393973421,23.547608594759364,16.17047162765822,5.690792974124264
2024-2025,12,15548.100000000002,12382.140000000001,2275.31,890.65,972.47,14187.220000000001,388.40999999999997,60.0,6358.96,6425.010000000002,4326.6,1405.21,627.15,1298.6200000000003,390.0797,11223.0,,18512.71,9323.569999999996,1899.430000000004,16.624538893344027,1.3853782411120024,16.301694243509722,20.421892888145237,6.254590593062817
2019-2020,13,248267.56,146807.26,95412.73999999999,6047.56,133603.17999999996,95188.89000000001,19475.489999999998,158.0,590684.3,612564.28,340409.01,246284.53999999998,3957.48,487968.0,10789.092300000002,531981.0,51291.0,,,,5.600220158238734,0.4666850131865612,54.74828498779271,82.61062635319746,53.81419143121234
2020-2021,13,297224.79,164329.22999999998,124286.11,8609.45,179856.05000000002,93694.19,23674.55,161.0,726674.39,759688.35,373402.83,318558.94,34361.37,604017.1,11032.1198,619835.0,51754.0,248267.56,677717.1599999999,-57882.159999999916,5.75426924907435,0.4795224374228625,65.8689719812506,83.1207358222711,60.51179311120046
2021-2022,13,256572.25,144718.48,102879.36000000002,8974.41,148700.9,89680.52,18190.83,143.0,586463.51,610173.92,332101.67000000004,237421.49999999994,16864.91,466996.69,11097.3437,580959.0,48607.0,297224.79,627116.05,-46157.05000000005,5.299628717344942,0.4416357264454118,52.8471971179914,79.62928332915375,57.95673538350309
2022-2023,13,322345.45000000007,173512.95,139876.3,8956.2,192554.78000000003,104700.2,25090.469999999998,161.0,697321.3299999997,729475.7799999998,369712.33999999985,303001.9099999999,24475.810000000005,557041.9999999998,11209.137400000003,609859.0,70151.0,256572.25,631548.1299999997,-21689.129999999655,6.342688063962327,0.5285573386635273,62.21007960880197,79.88311500524442,59.73553527744846
2023-2024,13,319957.23,194738.08000000002,112064.84,13154.31,186342.4,104094.72,29520.11,167.0,672872.3500000001,704321.8000000004,355361.26999999996,289330.13000000024,28140.950000000008,526131.5000000002,11344.077999999996,591746.0,71575.0,322345.45000000007,675260.5700000002,-83514.57000000018,6.4884034028113415,0.5407002835676118,59.314855733537826,78.19187398620261,58.23978411114511
2024-2025,13,255145.83000000002,150941.14,94893.0,9311.69,127011.94000000002,96070.35,32063.54,170.0,551393.4599999998,575499.0500000005,293196.7699999998,231802.15999999995,26391.15,428168.3699999997,11520.456000000002,606360.0,52970.0,319957.23,616204.8599999999,-9844.85999999987,5.049393033841283,0.4207827528201069,47.86212108270712,77.65205811472626,49.78013554052598
2019-2020,14,711.9599999999999,0.0,704.18,7.78,0.0,247.9,464.05999999999995,1.0,228.3,234.20000000000002,0.0,226.55,1.75,0.0,6.6000000000000005,114.0,,,,,74.94315789473683,6.245263157894736,34.590909090909086,0.0,0.0
2020-2021,14,753.0500000000001,0.0,745.9200000000001,7.13,0.0,260.69,492.36,1.0,187.55,193.3,0.0,187.55,0.0,0.0,6.6,137.0,,711.9599999999999,146.45999999999992,-9.459999999999923,65.96058394160585,5.496715328467154,28.41666666666667,0.0,0.0
2021-2022,14,670.6,0.0,664.36,6.24,0.0,220.88,449.72,1.0,71.75,73.45,0.0,71.75,0.0,0.0,6.6,0.0,,753.0500000000001,154.20000000000005,-154.20000000000005,,,10.871212121212121,0.0,0.0
2022-2023,14,738.77,0.0,735.52,3.25,0.0,239.26,499.51,1.0,234.1,240.29999999999998,0.0,234.1,0.0,0.0,6.6,1356.0,,670.6,165.93000000000006,1190.07,6.537787610619469,0.544815634218289,35.46969696969697,0.0,0.0
2023-2024,14,981.98,0.0,981.98,0.0,0.0,328.98,653.0,1.0,299.74,309.72,0.0,299.74,0.0,0.0,7.1907,1646.0,,738.77,56.52999999999997,1589.47,7.15902794653706,0.5965856622114216,41.68439790284673,0.0,0.0
2024-2025,14,879.9899999999999,0.0,879.18,0.81,0.0,302.27,577.7199999999999,1.0,195.37,195.37,0.0,195.37,0.0,0.0,6.6,1785.0,,981.98,297.36,1487.6399999999999,5.915899159663865,0.4929915966386554,29.601515151515155,0.0,0.0
2019-2020,15,290.46,93.6,131.59,65.27,10.92,182.0,97.54,5.0,89.6,95.1,58.4,31.2,0.0,9.5,8.442599999999999,160.0,,,,,21.784499999999998,1.815375,10.612844384431337,10.602678571428573,3.7595538111960343
2020-2021,15,323.46999999999997,113.0,177.05,33.42,18.689999999999998,205.74,99.04,6.0,215.7,226.29999999999998,100.69999999999999,115.0,0.0,25.0,10.6323,170.0,,290.46,182.69,-12.689999999999998,22.833176470588235,1.9027647058823527,20.28723794475325,11.590171534538712,5.777970136334127
2021-2022,15,152.11,64.49,76.22999999999999,11.39,11.95,94.74,45.42,5.0,80.9,83.45,22.0,58.9,0.0,9.5,8.6174,232.0,,323.46999999999997,252.26,-20.25999999999999,7.867758620689656,0.655646551724138,9.387982454104487,11.742892459826946,7.856156728683189
2022-2023,15,313.5,83.02000000000001,223.98000000000002,6.5,24.3,189.0,100.2,5.0,324.4,341.9,94.5,225.0,4.9,26.5,14.4732,209.0,,152.11,163.01,45.99000000000001,18.0,1.5,22.41384075394522,8.168927250308263,7.751196172248805
2023-2024,15,239.84999999999997,107.96,76.77,55.120000000000005,31.14,142.30999999999997,66.4,5.0,190.0,196.5,80.5,45.400000000000006,64.1,25.5,11.9861,184.0,,313.5,263.65000000000003,-79.65000000000003,15.642391304347823,1.303532608695652,15.851694879902553,13.421052631578947,12.98311444652908
2024-2025,15,170.06,57.300000000000004,53.230000000000004,59.53,7.33,101.9,60.83,5.0,34.400000000000006,35.0,10.8,23.6,0.0,0.0,7.0261,190.0,,239.84999999999997,104.19,85.81,10.740631578947369,0.8950526315789474,4.8960305147948375,0.0,4.310243443490533
2019-2020,16,90346.42,66665.29999999999,17593.11,6088.009999999999,8691.83,29326.85,52327.73999999998,1209.0,3779528.4299999997,3782447.4999999995,4611.2,15127.13,13846.810000000001,4212.91,40823.3295,2263370.0,,,,,0.4790012415115514,0.03991677012596261,92.58256189025444,0.1114665513972599,9.620558291075618
2020-2021,16,86877.64,59868.21,21289.22,5720.209999999999,8064.19,31262.21,47551.240000000005,1072.0,5417449.879999999,5421112.339999999,4498.1,20160.32,28378.47,2518.2799999999997,43169.2298,3291968.0,,90346.42,5420918.659999999,-2128950.659999999,0.31668949394404805,0.026390791162004004,125.49331792803954,0.04648460171817963,9.282238790096049
2021-2022,16,75221.39,53538.68,17757.010000000002,3925.7,8147.080000000001,25774.600000000002,41299.71,1134.0,4625480.09,4628287.29,4084.79,13860.18,17508.17,1093.24,44313.7566,2905684.0,,86877.64,4637136.34,-1731452.3399999999,0.31065204612752106,0.025887670510626758,104.38022963731312,0.023635168214506355,10.83080224920066
2022-2023,16,74439.88000000002,48675.229999999996,19585.67,6178.980000000001,7504.219999999999,26947.48,39988.17999999999,1071.0,5264373.62,5267794.95,4364.0,13711.680000000002,29699.49,1488.24,45500.52529999995,3301693.0,,75221.39,5265155.13,-1963462.13,0.27055167152124693,0.022545972626770574,115.69918336745017,0.028270029967971767,10.080913617808084
2023-2024,16,78314.85999999999,45542.399999999994,21234.28,11538.18,10164.41,28934.3,39216.15,1090.0,6200483.86,6272171.889999993,5078.4400000000005,16397.05,71964.57000000002,3666.99,46379.394300000036,3901225.0,,74439.88000000002,6196608.88,-2295383.88,0.2408931348486693,0.020074427904055774,133.69048806228147,0.0591403845699229,12.97890336521064
2024-2025,16,73320.81999999999,46981.64,16680.9,9658.28,6874.72,26287.35,40158.75,1005.0,4014683.9299999974,4072780.1999999974,4827.17,10520.570000000002,59355.26000000001,2439.7799999999997,47472.56419999983,2505520.0,,78314.85999999999,4019677.9699999974,-1514157.9699999974,0.351164564641272,0.029263713720106003,84.56850809841048,0.060771409220252155,9.376218105580381
2019-2020,17,227478.45999999993,183140.56,32851.380000000005,11486.52,27596.399999999998,35882.33,163999.73,1343.0,4083474.8600000003,4088789.3200000003,38804.37,64440.74,38112.72,32027.340000000004,40809.1176,2838832.0,,,,,0.961572054985994,0.08013100458216617,100.06280704290457,0.7843158363414047,12.131434334486002
2020-2021,17,211894.73,168069.23,30438.18,13387.32,25610.31,34244.75,152039.67,1177.0,5453756.260000001,5461422.2700000005,41939.73,76346.04,102105.92000000001,12348.91,43255.763,3642387.0,,227478.45999999993,5469339.99,-1826952.9900000002,0.6980962648944223,0.05817468874120186,126.08161044344544,0.22642944442845342,12.086336455842956
2021-2022,17,203794.33999999997,161009.01,29042.489999999998,13742.84,23556.37,34229.3,146008.67,1260.0,4998181.43,5002973.39,38453.060000000005,65103.91,65029.21,9873.880000000001,44647.40400000001,3371819.0,,211894.73,5006281.82,-1634462.8200000003,0.7252856929746228,0.0604404744145519,111.94786218701536,0.19754945150120334,11.55889314688524
2022-2023,17,195334.58,152867.31,31149.18,11318.09,20196.309999999998,38857.97,136280.3,1148.0,5144749.880000003,5150892.410000003,38082.05000000001,58467.34,89707.39,17122.23,46180.3167999999,3558437.0,,203794.33999999997,5153209.640000002,-1594772.6400000025,0.6587203763899712,0.05489336469916426,111.4056861558822,0.33280976528250567,10.33934186153829
2023-2024,17,204451.07,152527.54,33968.63,17954.9,26539.870000000003,38944.99,138966.21000000002,1114.0,6445108.029999995,6730513.929999986,49051.659999999996,75258.9,229389.82999999993,20707.670000000006,47724.05459999992,4217913.0,,195334.58,6435991.539999994,-2218078.5399999944,0.5816651125805582,0.048472092715046516,135.04946476194849,0.32129283021498123,12.981037467791193
2024-2025,17,202114.86,155239.97,31547.59,15327.3,25255.4,37471.77,139387.69,1108.0,4017508.759999999,4104834.8000000026,48584.63999999999,48705.28999999999,178721.26,14611.6,49392.01099999992,2721077.0,,204451.07,4019844.9699999993,-1298767.9699999993,0.8913302784154951,0.07427752320129125,81.33924249409496,0.36369802464351075,12.495568114091167
2019-2020,18,181496.36000000002,178772.66,1665.3899999999999,1058.3100000000002,7645.760000000003,41795.009999999995,132055.59,308.0,242967.46999999997,244211.62999999998,239289.5,2435.11,916.65,12763.119999999999,4301.476500000001,314169.0,,,,,6.93243547262779,0.5777029560523158,56.48466753218341,5.253015969586381,4.212624429492692
2020-2021,18,159857.19999999998,154409.62,4381.14,1066.44,4877.400000000001,39205.16,115774.64,292.0,226376.83,227513.06999999998,223326.3,2301.42,749.11,10986.640000000001,4364.6955,374513.0,,181496.36000000002,248015.99000000002,126497.00999999998,5.122082277517736,0.42684018979314464,51.86543482815697,4.85325287044615,3.0510981050587653
2021-2022,18,95449.59999999999,91127.10999999999,3504.96,817.53,3050.7799999999997,25161.86,67236.95999999999,273.0,171180.52999999997,171922.23999999996,169263.61,1334.33,582.59,11235.010000000002,4428.512199999999,366339.0,,159857.19999999998,235588.13,130750.87,3.12659913358938,0.260549927799115,38.65418503306822,6.563252257718798,3.196220832774574
2022-2023,18,137042.34000000005,130737.17,4601.799999999999,1703.37,6400.950000000001,34083.93,96557.46,303.0,268739.67,270644.74,258228.22,3830.7000000000007,1407.7300000000002,15530.439999999991,4487.256299999998,353315.0,,95449.59999999999,227146.9299999999,126168.0700000001,4.654509658520019,0.3878758048766683,59.889529822488655,5.778990500360439,4.670782766844173
2023-2024,18,177833.17,169654.32,5994.49,2184.3599999999997,7240.200000000001,42393.64,128199.33000000002,316.0,298328.1,300206.97,272984.93000000005,5183.030000000001,4502.8099999999995,16291.079999999998,4516.788999999998,319925.0,,137042.34000000005,257537.27000000005,62387.72999999995,6.670307228256623,0.5558589356880519,66.0487129241592,5.460792999385576,4.071343945564261
2024-2025,18,146444.62000000002,139711.33,5090.51,1642.7800000000002,4670.9400000000005,37896.62,103877.06,310.0,196776.17999999996,198018.85,193917.00999999995,1745.03,1114.1400000000003,7556.359999999999,4489.0226,337425.0,,177833.17,228164.72999999995,109260.27000000005,5.208077172705046,0.43400643105875386,43.834972004819036,3.8400786111408403,3.18956066805322
2019-2020,19,3618.3000000000006,1097.3000000000002,2376.24,144.76,144.70999999999998,2031.79,1441.8000000000002,24.0,1732.3799999999999,1735.4799999999998,419.0,1163.06,150.32,340.61,76.9255,1630.0,,,,,26.637791411042947,2.2198159509202458,22.5202306127357,19.6613906879553,3.9993919796589545
2020-2021,19,4317.300000000001,1560.07,2575.31,181.92,105.82,2556.64,1654.84,23.0,3056.35,3063.15,830.45,2129.2200000000003,96.67999999999999,439.83000000000004,83.03190000000001,2191.0,,3618.3000000000006,2357.3499999999995,-166.34999999999945,23.645641259698774,1.9704701049748978,36.809346769133306,14.390694782992789,2.4510689551339953
2021-2022,19,3739.09,1391.48,2154.96,192.64999999999998,55.93000000000001,2237.7699999999995,1445.39,21.0,1609.36,1609.6599999999999,393.01,1169.75,46.6,390.53999999999996,84.91290000000001,2189.0,,4317.300000000001,2187.5700000000006,1.4299999999993815,20.497523983554135,1.7081269986295113,18.95306837948062,24.266789282696227,1.4958185012930956
2022-2023,19,4247.15,1657.48,2329.66,260.01,150.09,2572.2799999999997,1524.78,24.0,2477.8,2478.28,808.8499999999999,1539.88,129.07,453.64,82.5765,2000.0,,3739.09,1969.7400000000007,30.25999999999931,25.4829,2.1235749999999998,30.006115541346514,18.30817660828154,3.53389920299495
2023-2024,19,3911.3699999999994,1765.98,2024.63,120.75999999999999,183.69,1954.1200000000001,1773.5600000000002,23.0,2075.15,2138.0300000000007,578.14,1172.53,324.48,423.88,83.41329999999999,2178.0,,4247.15,2410.93,-232.92999999999984,21.550247933884293,1.7958539944903578,24.87792714111539,20.426475194564247,4.69630845458241
2024-2025,19,2564.16,805.77,1674.5700000000002,83.82000000000001,95.58,1263.57,1205.01,20.0,677.92,678.2699999999999,104.55,496.2199999999999,77.15,253.77999999999997,77.15169999999999,2190.0,,3911.3699999999994,2025.1299999999992,164.8700000000008,14.050191780821917,1.170849315068493,8.786844619107551,37.43509558649988,3.7275365031823293
2019-2020,21,492029.8900000005,487756.99000000046,1275.33,2997.57,3902.1200000000003,338418.1600000004,149709.61000000004,986.0,350658.05,354338.02999999997,348730.27,472.62,1333.81,1334.18,11182.921599999998,2027802.0,,,,,2.9117037462237465,0.24264197885197888,31.356568752122886,0.3804789309699293,0.7930656407886107
2020-2021,21,462164.77,457880.16000000003,1332.79,2951.8199999999997,3032.75,304251.23000000004,154880.78999999998,938.0,392651.73,397938.37,388869.82,1067.73,2383.33,1432.24,9814.636,2435845.0,,492029.8900000005,422516.85000000044,2013328.1499999994,2.276818615305982,0.18973488460883184,40.00675419852555,0.36476090402046624,0.6562053615640153
2021-2022,21,371171.1400000001,367563.31,942.8199999999999,2665.01,2583.4799999999996,247506.51,121081.15000000001,913.0,264418.58999999973,267219.0599999997,262807.5199999997,360.32,1250.75,1144.94,9757.691600000006,2335035.0,,462164.77,355412.2199999997,1979622.7800000003,1.9074890440614385,0.1589574203384532,27.09847788179733,0.43300283841616477,0.6960347186475756
2022-2023,21,424748.49,420165.22000000003,1513.0,3070.27,2794.98,283261.59,138691.92,887.0,484661.1899999957,491752.13999999576,477070.3099999957,1404.63,3501.399999999999,2281.250000000001,9970.223699999968,2033648.0,,371171.1400000001,431083.8399999958,1602564.1600000043,2.506324536006231,0.20886037800051926,48.61086416747071,0.47068963784783785,0.6580317684001655
2023-2024,21,495795.51999999996,489925.82999999996,2264.29,3605.4,3113.7599999999998,332876.53,159805.22999999998,875.0,530651.309999997,543761.8300000015,517656.66999999696,1630.8099999999997,4832.679999999999,2423.54,9894.129900000076,1870882.0,,424748.49,459604.27999999706,1411277.720000003,3.180075622086267,0.26500630184052226,53.63294350926128,0.45671045266994886,0.628033105260814
2024-2025,21,423223.6400000001,418163.70999999996,2065.24,2994.69,2392.41,277700.44999999995,143130.78,840.0,261259.74999999505,263884.8399999958,259872.50999999503,288.34000000000003,998.06,554.0799999999999,9982.38089999997,1980298.0,,495795.51999999996,333831.62999999494,1646466.370000005,2.5646057714545996,0.21371714762121663,26.172087863326862,0.21208012332554496,0.5652826954562367
2019-2020,22,,,,,,,,,,,,,,,,0.0,,,,,,,,,
2020-2021,22,,,,,,,,,,,,,,,,0.0,,,,,,,,,
2021-2022,22,,,,,,,,,,,,,,,,0.0,,,,,,,,,
2022-2023,22,2.7,0.0,0.0,2.7,0.0,0.0,2.7,1.0,4.6,4.6,0.0,0.0,4.6,0.0,1.1,2.0,,,,,16.200000000000003,1.35,4.181818181818181,0.0,0.0
2023-2024,22,15.5,0.0,0.0,15.5,0.0,0.0,15.5,2.0,31.5,31.5,0.0,0.0,31.5,4.0,3.1,14.0,,2.7,18.700000000000003,-4.700000000000003,13.285714285714285,1.1071428571428572,10.161290322580644,12.698412698412698,0.0
2024-2025,22,9.6,0.0,0.0,9.6,0.0,0.0,9.6,3.0,17.2,17.2,0.0,0.0,17.2,0.0,5.7522,21.0,,15.5,23.1,-2.1000000000000014,5.485714285714286,0.45714285714285713,2.990160286499078,0.0,0.0
2019-2020,23,0.0,0.0,0.0,0.0,0.0,0.0,0.0,0.0,6.7,6.7,0.0,0.0,6.7,0.0,1.0002,0.0,,,,,,,6.698660267946411,0.0,
2020-2021,23,86.2,0.0,0.0,86.2,0.0,27.3,58.9,1.0,,,,,,,,0.0,,0.0,,,,,,,0.0
2021-2022,23,60.43,0.0,0.0,60.43,0.0,39.58,20.85,1.0,44.9,44.9,0.0,0.0,44.9,0.0,2.35,0.0,,86.2,70.66999999999999,-70.66999999999999,,,19.106382978723403,0.0,0.0
2022-2023,23,64.95,0.0,0.0,64.95,0.0,51.18,13.77,1.0,62.8,62.8,0.0,0.0,62.8,0.0,1.8399999999999999,60.0,,60.43,58.27999999999999,1.720000000000013,12.99,1.0825,34.130434782608695,0.0,0.0
2023-2024,23,82.41,0.0,0.0,82.41,0.0,66.53,15.88,2.0,105.35,105.35,0.0,0.0,105.35,0.0,1.8502,54.0,,64.95,87.89000000000001,-33.890000000000015,18.313333333333333,1.526111111111111,56.9397902929413,0.0,0.0
2024-2025,23,75.55,0.0,0.0,75.55,0.5,61.53,13.52,2.0,59.5,59.5,0.0,0.0,59.5,0.0,2.1002,94.0,,82.41,66.36,27.64,9.64468085106383,0.8037234042553191,28.330635177602133,0.0,0.6618133686300464
2019-2020,24,469734.4499999999,438255.7899999999,16535.450000000004,14943.21,25702.960000000003,265685.11,178346.37999999995,436.0,434882.68999999994,446147.11999999994,386140.31999999995,23632.54,20070.76,58555.28999999999,11313.8396,517429.0,,,,,10.893887663814743,0.9078239719845619,38.43811697666281,13.464617320132929,5.471806464269335
2020-2021,24,459437.70000000007,424577.30000000005,20448.87,14411.53,36057.06,261807.31,161573.33000000002,429.0,446702.1,458510.38,398651.62,25594.28,15784.41,64311.799999999996,11169.5497,529647.0,,469734.4499999999,456998.84999999974,72648.15000000026,10.40929600280942,0.8674413335674517,39.99284769734271,14.39702208697922,7.848084734883532
2021-2022,24,429167.4000000001,397514.38,17704.25,13948.77,28161.25,269661.71,131344.44,409.0,415705.46000000014,425918.8700000001,361066.15,24381.52,25864.58,50483.15999999999,11149.4482,524357.0,,459437.70000000007,445975.76000000007,78381.23999999993,9.821569655787949,0.818464137982329,37.28484607875035,12.143973283391556,6.561833447740903
2022-2023,24,430382.18,395689.52,18079.06,16613.6,22468.78,296742.38,111171.01999999999,406.0,404438.8499999999,413593.5299999999,359788.23,24403.239999999998,17653.399999999998,48129.48,11071.189500000013,501245.0,,429167.4000000001,403224.07,98020.93,10.303516563756247,0.8586263803130205,36.53074947366762,11.900310763914005,5.220657602505755
2023-2024,24,417166.51999999996,383824.07,17604.329999999998,15738.119999999999,27471.01,249237.03,140458.48,390.0,382821.58,393295.5100000006,333732.39999999997,23603.17,17327.59,57837.110000000015,10798.821200000004,426733.0,,430382.18,396037.24000000005,30695.75999999995,11.730984573492089,0.9775820477910074,35.45031192849085,15.108111198955923,6.585142546913881
2024-2025,24,375980.14,342670.80000000005,17336.94,15972.400000000001,28123.4,226795.43,121061.31,384.0,311778.44000000006,320129.3099999994,274806.26,23585.25,11117.17,49174.27999999999,10419.08619999999,449300.0,,417166.51999999996,352964.81999999995,96335.18000000005,10.041757578455377,0.8368131315379479,29.923779688088224,15.772187454655292,7.480022748010041
2019-2020,25,390.06999999999994,0.0,263.15,126.92,7.0,10.76,372.30999999999995,6.0,268.71,279.56,0.0,194.35,74.36,2.5,15.9804,235.0,,,,,19.91846808510638,1.6598723404255316,16.81497334234437,0.9303710319675487,1.7945496962083731
2020-2021,25,467.98999999999995,0.0,303.62,164.37,0.0,26.82,441.16999999999996,7.0,605.7,614.95,114.57,271.0,220.13,38.239999999999995,20.808,262.0,,390.06999999999994,527.78,-265.78,21.434656488549617,1.7862213740458013,29.10899653979239,6.313356447086014,0.0
2021-2022,25,389.44,33.05,253.5,102.89000000000001,0.0,33.34,356.1,7.0,289.47,298.22,76.72,111.25,101.49999999999999,3.8,45.52770000000001,227.0,,467.98999999999995,368.02000000000004,-141.02000000000004,20.58713656387665,1.7155947136563876,6.358107262172259,1.312743980377932,0.0
2022-2023,25,574.6000000000001,29.92,239.16,305.52,0.33,54.66,519.61,10.0,755.8199999999998,781.4199999999998,169.15999999999997,223.6,363.05999999999995,49.85,23.807899999999997,256.0,,389.44,570.6599999999996,-314.6599999999996,26.934375000000006,2.2445312500000005,31.746605118469077,6.595485697652882,0.057431256526279145
2023-2024,25,856.2099999999999,31.5,484.49,340.21999999999997,0.0,86.03999999999999,770.17,10.0,1175.33,1196.7900000000002,334.01,495.31,346.01,209.22,22.9891,323.0,,574.6000000000001,893.7200000000001,-570.7200000000001,31.809659442724453,2.6508049535603715,51.12553340496148,17.80095802880893,0.0
2024-2025,25,594.3200000000002,21.25,360.09999999999997,212.97000000000003,5.84,34.14,554.34,9.0,302.51,321.1,113.92000000000002,120.25,68.34,5.449999999999999,25.0226,344.0,,856.2099999999999,564.3999999999996,-220.39999999999964,20.732093023255818,1.7276744186046515,12.089471118109229,1.8015933357574954,0.9826356171759318
2019-2020,26,604156.6199999999,521440.21999999986,69482.69,13233.71,37645.94,424618.7899999999,141891.88999999993,258.0,723528.8300000002,741936.8700000002,589210.0100000001,115882.06,8857.12,84380.95,16099.0615,823306.0,,,,,8.805813925806442,0.7338178271505368,44.94229865511106,11.662417100919113,6.231155755605228
2020-2021,26,623324.57,527235.46,82651.23000000001,13437.880000000001,46351.23,439343.18,137630.16,209.0,708390.31,726863.26,562650.5,128314.82999999999,13719.560000000001,96281.21999999999,16271.882,829500.0,,604156.6199999999,689222.36,140277.64,9.01735363471971,0.7514461362266425,43.534626787485315,13.59154955126362,7.436130746458463
2021-2022,26,662849.4,555827.63,90751.59,16270.18,48111.79,482826.23,131911.38,228.0,720821.0800000001,744301.54,550535.29,139189.40000000002,23884.550000000003,87746.52,16246.736499999999,811069.0,,623324.57,681296.2499999999,129772.75000000012,9.807048228942298,0.8172540190785248,44.3671305926578,12.173134559272322,7.258328965825419
2022-2023,26,705731.48,591244.25,90175.28,24311.95,47937.37999999999,519011.56,138782.54,242.0,730287.3699999994,752255.6599999995,568209.1299999995,134384.31,21593.939999999995,85695.95000000004,16309.108300000024,853955.0,,662849.4,687405.2899999996,166549.71000000043,9.917124157596126,0.8264270131330105,44.77788463762904,11.734551838134639,6.792580656880998
2023-2024,26,586856.42,504654.17,61393.509999999995,20808.739999999998,41006.61,409405.68,136444.13,234.0,643825.7299999997,661418.2300000021,506484.11999999965,123717.06999999998,10403.52,87897.78000000001,16402.423700000003,824945.0,,705731.48,762700.7899999997,62244.21000000031,8.536662492651026,0.7113885410542522,39.25186556423363,13.6524180231194,6.9875030079759535
2024-2025,26,547949.47,464364.93,60885.689999999995,22698.85,41784.79,379330.79,126833.89,230.0,589601.6500000004,608152.2299999993,465050.4200000004,110499.18000000005,11415.41,88395.84000000003,16244.211600000015,763213.0,,586856.42,628508.6000000003,134704.39999999967,8.615410953429775,0.7179509127858147,36.29610747006028,14.992468219856573,7.625664826357073
2019-2020,27,,,,,,,,,,,,,,,,0.0,,,,,,,,,
2020-2021,27,,,,,,,,,,,,,,,,0.0,,,,,,,,,
2021-2022,27,,,,,,,,,,,,,,,,0.0,,,,,,,,,
2022-2023,27,0.0,0.0,0.0,0.0,0.0,0.0,0.0,1.0,,,,,,,,0.0,,,,,,,,,
2023-2024,27,54.21,0.0,0.0,54.21,18.29,0.0,35.92,1.0,56.89000000000001,57.47,0.0,0.0,56.89000000000001,10.38,1.6800000000000002,0.0,,0.0,2.680000000000007,-2.680000000000007,,,33.86309523809524,18.24573738794164,33.73916251614093
2024-2025,27,34.97,0.0,0.0,34.97,17.61,0.0,17.36,1.0,52.58,52.7,0.0,0.0,52.58,14.5,4.158000000000001,8.0,,54.21,71.82,-63.81999999999999,52.455,4.37125,12.645502645502642,27.577025484975277,50.35744924220761
2019-2020,28,,,,,,,,,0.0,0.0,0.0,0.0,0.0,0.0,0.0,0.0,,,,,,,,,
2020-2021,28,1.47,0.0,0.0,1.47,0.0,1.18,0.29,1.0,8.5,8.5,0.0,0.0,8.5,0.0,0.99,0.0,,,,,,,8.585858585858587,0.0,0.0
2021-2022,28,17.799999999999997,0.0,0.0,17.799999999999997,0.0,16.31,1.49,1.0,28.0,28.0,0.0,0.0,28.0,0.0,0.99,0.0,,1.47,11.670000000000002,-11.670000000000002,,,28.282828282828284,0.0,0.0
2022-2023,28,61.540000000000006,0.0,0.0,61.540000000000006,0.0,54.09,7.45,1.0,73.6,73.6,0.0,0.0,73.6,0.0,0.99,33.0,,17.799999999999997,29.859999999999985,3.140000000000015,22.37818181818182,1.864848484848485,74.34343434343434,0.0,0.0
2023-2024,28,87.82,0.0,0.0,87.82,0.24,77.55,10.03,2.0,67.2,67.2,0.0,0.0,67.2,6.25,0.99,42.0,,61.540000000000006,40.920000000000016,1.079999999999984,25.09142857142857,2.090952380952381,67.87878787878788,9.300595238095239,0.2732862673650649
2024-2025,28,71.12,0.0,0.0,71.11999999999999,0.09,66.1,4.93,2.0,10.75,10.75,0.0,0.0,10.75,0.0,2.45,35.0,,87.82,27.44999999999999,7.550000000000011,24.384000000000004,2.032,4.387755102040816,0.0,0.12654668166479188
2019-2020,29,,,,,,,,,,,,,,,,0.0,,,,,,,,,
2020-2021,29,,,,,,,,,,,,,,,,0.0,,,,,,,,,
2021-2022,29,,,,,,,,,,,,,,,,0.0,,,,,,,,,
2022-2023,29,,,,,,,,,0.0,0.0,0.0,0.0,0.0,0.0,1.282,0.0,,,,,,,0.0,,
2023-2024,29,0.0,0.0,0.0,0.0,0.0,0.0,0.0,1.0,,,,,,,,0.0,,,,,,,,,
2024-2025,29,13.5,0.0,0.0,13.5,0.0,0.0,13.5,1.0,13.5,13.799999999999999,0.0,0.0,13.5,0.0,0.782,5.0,,0.0,0.0,5.0,32.4,2.7,17.263427109974423,0.0,0.0
2019-2020,30,1461774.7500000002,614637.5699999998,709442.22,137694.96000000005,296246.43,986938.1600000001,178590.15999999997,611.0,2829109.07,2902245.1999999997,778674.56,1939510.39,108885.56999999999,943904.5899999999,53147.61569999997,3127916.0,,,,,5.6079821197244435,0.4673318433103703,53.23115689647017,33.36402261790493,20.266216118454636
2020-2021,30,1623565.53,566269.23,898100.27,159196.03,439623.26,996965.23,186977.04,614.0,2995069.77,3075694.19,713006.42,2071034.2200000002,207331.21999999997,1114069.78,52980.3799,3137344.0,,1461774.7500000002,2833278.99,304065.0099999998,6.209961789335183,0.5174968157779319,56.53167787118869,37.19678890819294,27.07764188612701
2021-2022,30,1537065.87,649226.4500000001,750742.3300000001,137097.09,375913.39999999997,1033209.15,127943.32,620.0,2645271.9800000004,2717504.8500000006,791025.9400000001,1702965.7999999998,141587.98,928689.07,52485.083900000005,2957671.0,,1623565.53,2731771.6400000006,225899.3599999994,6.236254958715827,0.519687913226319,50.400452536954035,35.10750792438363,24.456557609987133
2022-2023,30,1759470.96,657306.38,926365.05,175799.53,458662.83999999997,1122948.69,177859.43,627.0,2789991.969999999,2869663.089999999,668394.8700000005,1938806.1299999983,181658.53999999998,1029846.1799999987,52105.269400000085,2809228.0,,1537065.87,2567586.879999999,241641.12000000104,7.515819833776397,0.6263183194813664,53.545294019725276,36.912155700577124,26.06822450766678
2023-2024,30,1827208.47,650318.03,973342.4299999999,203548.00999999998,433938.26999999996,1160795.19,232475.01,624.0,2915068.5800000005,3002397.070000008,751897.210000001,1915229.6999999995,228479.60000000012,981077.1699999983,51517.47129999999,2809558.0,,1759470.96,2847331.070000001,-37773.07000000123,7.804253067564364,0.6503544222970303,56.58407733222731,33.65537184034271,23.748700661397436
2024-2025,30,1662581.22,565343.79,893181.73,204055.7,417893.56999999995,1040127.18,204560.47,610.0,2523728.7899999996,2603191.2600000007,624719.5700000002,1725484.3299999996,170200.66999999993,995681.8399999994,50141.49179999995,2872778.0,,1827208.47,2688356.04,184421.95999999996,6.944836893070053,0.5787364077558377,50.33214408670629,39.452806654394884,25.13522737854575
2019-2020,31,58200.05,45779.57,8584.29,3836.19,8850.35,48500.83,848.8699999999999,38.0,74244.58000000002,76179.06000000001,34260.38,33699.39,6284.810000000001,30386.51,1366.5787,70500.0,,,,,9.906391489361702,0.8255326241134752,54.328799358573356,40.92758016814155,15.20677387734203
2020-2021,31,79991.18,50783.61,16254.869999999999,12952.7,22821.74,56253.34,916.0999999999999,40.0,86027.81,88387.61,36695.33,46136.58,3195.9,38519.65,1351.0402,59688.0,,58200.05,64236.67999999999,-4548.679999999993,16.081861680739845,1.3401551400616538,63.67524075153352,44.77581144980908,28.530320467831583
2021-2022,31,62585.780000000006,40114.4,15634.369999999999,6837.01,15448.300000000001,46444.78,692.7,38.0,46308.229999999996,47652.39,21932.5,21590.84,2784.8899999999994,25820.400000000005,1335.0247000000002,60895.0,,79991.18,63713.62999999998,-2818.629999999983,12.333185975860088,1.0277654979883406,34.687170956462445,55.75769145138998,24.683402523704263
2022-2023,31,73485.83,43195.53,23317.33,6972.97,22475.34,50271.409999999996,739.08,42.0,65908.26,67911.87,28285.509999999995,34014.12,3608.63,32961.05,1323.4093,48443.0,,62585.780000000006,55008.21000000001,-6565.210000000006,18.203454781908636,1.516954565159053,49.801871575180854,50.01049944271022,30.584590253658426
2023-2024,31,44420.63,29950.5,6969.619999999999,7500.51,15097.58,28342.09,980.96,38.0,39578.35999999999,40495.5,14598.219999999998,23376.789999999994,1603.35,20672.779999999995,1272.001,42670.0,,73485.83,68643.56,-25973.559999999998,12.49232622451371,1.0410271853761424,31.115038431573556,52.23253313174169,33.987766494982175
2024-2025,31,65867.89,31945.69,24997.89,8924.31,26811.78,37421.34,1634.77,38.0,58348.170000000006,59504.670000000035,18296.07,37096.04,2956.06,31705.47,1224.0128,27126.0,,44420.63,36900.91,-9774.910000000003,29.138637469586374,2.4282197891321977,47.669575024052044,54.338413698321645,40.705387708639215
2019-2020,32,536000.3199999998,184745.89999999997,282806.45999999996,68447.95999999999,42700.79,203581.72999999995,289717.8,269.0,1672046.17,1691710.17,87217.88,1101463.9400000002,360171.78,149133.18,19585.1804,2158792.0,,,,,2.979445838228045,0.24828715318567043,85.37302878251761,8.919202272985082,7.9665605423519175
2020-2021,32,540209.14,185193.82,294004.59,61010.729999999996,54289.7,204279.37,281640.07,264.0,1713079.4500000002,1732079.3000000003,68060.84,1161394.77,368963.2800000001,159861.00999999998,20093.0175,2235050.0,,536000.3199999998,1708870.63,526179.3700000001,2.9003868727768958,0.2416989060647413,85.25745075372576,9.3317919376127,10.049755914903622
2021-2022,32,444030.58999999997,176042.7,234726.0,33261.89,33264.24,191303.75,219462.6,264.0,1303806.42,1329196.42,61603.67,936217.3499999999,216425.0,105869.15000000005,20241.0721,2079279.0,,540209.14,1399984.9700000002,679294.0299999998,2.562603229292461,0.2135502691077051,64.4139012774921,8.120005268880334,7.491429813427944
2022-2023,32,423309.14999999997,169908.02000000002,224717.19999999998,28683.93,33250.13,182509.34,207549.67999999996,247.0,1215870.82,1227253.31,58576.299999999996,906166.0,153848.51,97357.63000000002,20361.89340000002,1619485.0,,444030.58999999997,1236592.2600000002,382892.73999999976,3.136620468852752,0.2613850390710627,59.71305301107209,8.007234683039767,7.854810131082685
2023-2024,32,478570.1800000001,142184.35,274056.08,62329.75,26996.269999999997,146445.85,305128.06000000006,250.0,1441135.5800000003,1455048.4699999986,44826.53,1015623.2800000004,247084.29,83784.14000000001,20382.149400000042,1574506.0,,423309.14999999997,1385874.55,188631.44999999995,3.647392998184828,0.30394941651540236,70.70577060925662,5.81375834187648,5.64102635897623
2024-2025,32,474904.02,139212.71000000002,275879.83999999997,59811.469999999994,42457.59,153721.37999999998,278725.05,234.0,1170264.6599999997,1305842.779999997,60821.53000000001,885752.7599999997,94665.40999999997,108652.37000000005,20274.152600000012,1728101.0,,478570.1800000001,1173930.8199999998,554170.1800000002,3.297751832792181,0.27481265273268174,57.72200116516825,9.284427165390099,8.940246494439021
2019-2020,33,8752950.330000004,8616516.650000002,40678.35,95755.33000000002,155725.00999999992,8029257.2200000025,567968.1,4054.0,5184541.9,5296319.95,4947568.240000001,21656.23,137161.30000000002,251507.72,115323.02020000003,5117942.0,,,,,20.52297661052041,1.7102480508767008,44.956695471629686,4.8511078674086905,1.7791145171504688
2020-2021,33,8849572.969999997,8651511.5,60887.09,137174.38,176879.89,8135903.54,536789.54,4043.0,4885510.859999998,5000269.269999998,4456600.339999999,62782.3,262081.03999999998,264653.39,114867.8312,5482789.0,,8752950.330000004,4788888.220000004,693900.7799999956,19.368769369020033,1.6140641140850025,42.53158442152251,5.4171078027242405,1.9987392679807474
2021-2022,33,8472050.920000002,8313747.73,50951.17,107352.01999999999,172501.97999999998,7889633.07,409915.87,3905.0,4042486.2800000007,4127937.2800000007,3821016.0400000005,22484.159999999996,174816.11,267706.61,113543.66980000003,4993334.0,,8849572.969999997,4420008.329999996,573325.6700000037,20.360066248322266,1.6966721873601889,35.60292077154617,6.622325753446959,2.0361301133445022
2022-2023,33,8580609.18,8393341.18,52865.86,134402.13999999998,159748.12,8049170.869999999,371690.19,3876.0,4360501.490000004,4446944.650000004,4127936.290000005,47401.57,171007.06,258589.5699999999,112024.0821999997,4867771.0,,8472050.920000002,4251943.230000006,615827.769999994,21.152866509127072,1.7627388757605893,38.92467944718422,5.930271336749381,1.8617340173509684
2023-2024,33,8618181.65,8373204.64,54228.95,190748.06,178045.91,7918065.1,522070.64,3838.0,4227248.639999998,4323646.220000012,3847967.1999999974,56907.31999999999,277322.42000000004,276361.5600000002,109316.31879999975,4739339.0,,8580609.18,4189676.169999996,549662.8300000038,21.821224394372294,1.8184353661976913,38.669877346802934,6.537622542117615,2.065933595168535
2024-2025,33,8535794.450000001,8275522.899999999,69644.66,190626.89,186208.69,7796534.52,553051.24,3731.0,3568471.5099999984,3646298.2300000046,3329546.189999998,62027.73000000001,166216.96000000005,216649.56000000006,100739.8330999994,4308355.0,,8618181.65,3650858.709999997,657496.2900000028,23.77462706763951,1.9812189223032923,35.42264663529624,6.071214507188265,2.1815039137921133
2019-2020,34,2104475.8000000003,556553.48,1294081.2000000007,253841.11999999994,359946.82000000007,1318045.0400000007,426483.9399999998,1137.0,4651482.169999999,4774508.229999999,613160.7999999999,3776108.799999999,262212.57000000007,1350317.92,81305.7739,5074673.0,,,,,4.976421062007345,0.4147017551672788,57.20973981160272,29.029841900909624,17.103870712126984
2020-2021,34,2380704.2399999998,571475.08,1552000.5,257228.66000000003,526645.69,1357008.72,497049.83,1192.0,4990017.95,5118980.26,570037.59,4011693.33,408287.03,1545817.1099999996,81153.03339999999,5385774.0,,2104475.8000000003,4713789.51,671984.4900000002,5.304428087773456,0.4420356739811213,61.488988654366196,30.978187363033427,22.121424457159787
2021-2022,34,1749483.49,511237.85,1096862.75,141382.89,387510.45999999996,1066246.6600000001,295726.37,1101.0,3424550.8,3521876.61,501972.86999999994,2748743.29,173834.64,1085334.2200000002,79978.75810000002,4672585.0,,2380704.2399999998,4055771.549999999,616813.4500000011,4.492973777898102,0.37441448149150847,42.818254263440465,31.692746972829262,22.149992395755618
2022-2023,34,2465644.2800000007,567709.86,1614957.54,282976.88,508744.16000000003,1492136.8100000003,464763.31000000006,1052.0,5176789.400000003,5312177.4700000025,552089.9099999997,4011772.0400000038,612927.4499999997,1471027.4900000028,79398.96389999996,5101930.0,,1749483.49,4460628.610000003,641301.3899999969,5.799321307818808,0.4832767756515673,65.19970974079683,28.41582641936336,20.63331536210081
2023-2024,34,2171928.17,523697.6,1435208.46,213022.11000000002,369454.99,1289731.31,512741.87,1103.0,4210390.740000004,4241048.3599999985,491420.3000000001,3447649.2600000044,271321.18000000005,1289777.210000002,78835.59109999977,4846254.0,,2465644.2800000007,4504106.850000005,342147.1499999948,5.377996704258588,0.448166392021549,53.40723246001026,30.633195103407452,17.010460801749257
2024-2025,34,2276848.6599999997,524205.09,1487875.92,264767.65,461097.33,1251074.32,564677.01,1065.0,4264873.500000003,4362753.019999992,491498.2899999998,3427496.110000003,345484.7999999999,1419588.0599999996,77963.46080000002,5127402.0,,2171928.17,4159953.010000003,967448.989999997,5.328660385903036,0.44405503215858627,54.70349130525003,33.28558420314222,20.25155813386385
2019-2020,35,,,,,,,,,,,,,,,,0.0,,,,,,,,,
2020-2021,35,,,,,,,,,,,,,,,,0.0,,,,,,,,,
2021-2022,35,,,,,,,,,,,,,,,,340.0,,,,,,,,,
2022-2023,35,4.949999999999999,0.0,0.0,4.949999999999999,0.0,2.4,2.55,1.0,54.25,55.75,0.0,0.0,54.25,0.0,1.9998,115.0,,,,,0.5165217391304346,0.04304347826086956,27.127712771277128,0.0,0.0
2023-2024,35,46.98,0.0,0.0,46.98,0.0,24.33,22.65,1.0,102.5,103.6,0.0,0.0,102.5,0.0,3.8448,65.0,,4.949999999999999,60.470000000000006,4.529999999999994,8.673230769230768,0.7227692307692307,26.659384103204328,0.0,0.0
2024-2025,35,73.96,0.0,0.0,73.96,0.0,26.66,47.3,2.0,176.27,179.76999999999998,0.0,0.0,176.27,3.02,4.0448,284.0,,46.98,149.29000000000002,134.70999999999998,3.125070422535211,0.26042253521126757,43.57941060126582,1.7132807624666704,0.0
2019-2020,36,15281.909999999996,10817.119999999999,1235.02,3229.77,2003.1299999999997,5353.24,7925.540000000001,35.0,23797.4,24122.72,15530.56,4766.89,3499.9500000000003,4271.2300000000005,536.4725,23535.0,,,,,7.791923518164434,0.6493269598470361,44.359030518805724,17.948305277047073,13.107851047414886
2020-2021,36,16082.51,11296.96,1613.53,3172.02,1883.2900000000002,5207.93,8991.289999999999,34.0,25719.040000000005,26136.870000000006,16999.530000000002,4608.3099999999995,4111.2,3868.3999999999996,519.4082999999999,23374.0,,15281.909999999996,24918.439999999995,-1544.439999999995,8.256615042354754,0.6880512535295628,49.51603584309301,15.0409968645797,11.710174593393694
2021-2022,36,10998.63,7290.09,1285.8,2422.74,1430.99,4239.05,5328.59,32.0,18642.39,18839.0,14246.429999999998,2435.44,1960.52,2936.25,527.3968000000001,23001.0,,16082.51,23726.270000000004,-725.2700000000041,5.738166166688404,0.4781805138907004,35.347939160798845,15.750394665061723,13.010620413633337
2022-2023,36,13636.560000000001,9210.060000000001,1649.5700000000002,2776.9300000000003,2187.34,5063.56,6385.66,36.0,28259.010000000002,28673.190000000002,19558.07,5269.63,3378.8199999999997,4546.0,513.2791000000002,26681.0,,10998.63,25621.079999999998,1059.920000000002,6.133155428956937,0.5110962857464113,55.055836093852236,16.08690467217358,16.04026235355544
2023-2024,36,19597.08,13031.99,3177.19,3387.9,2333.3799999999997,6586.5,10677.199999999999,39.0,34705.34,35469.090000000004,23077.84,4913.210000000001,6256.4,5659.8,529.8369,22945.0,,13636.560000000001,28744.819999999992,-5799.819999999992,10.249072129004142,0.8540893440836784,65.501930877219,16.30815315452896,11.906773866310692
2024-2025,36,16134.94,11499.54,1405.21,3230.1899999999996,1855.06,6162.23,8117.650000000001,34.0,19252.999999999996,19532.939999999995,14653.96,2633.66,1965.38,2718.88,531.9463000000003,26110.0,,19597.08,22715.14,3394.8600000000006,7.415522022213711,0.6179601685178093,36.193502990809385,14.121851140082068,11.497160819934873
2019-2020,37,481484.97,444713.1099999999,4285.889999999999,32485.969999999998,35274.8,225510.00999999998,220700.15999999995,649.0,394374.19,402392.62,355889.06,5802.32,30629.18,42718.93,9758.950499999999,560570.0,,,,,10.30704397309881,0.8589203310915675,40.41153708075474,10.832080567949946,7.326251533874465
2020-2021,37,507481.9300000001,460380.23,5465.84,41635.86,38760.57,242304.51,226416.85,640.0,467646.81999999995,477955.47,401427.72,10202.89,47931.380000000005,55384.15,9945.0174,627199.0,,481484.97,441649.8599999998,185549.1400000002,9.709491182224463,0.809124265185372,47.02322793321608,11.843157620530812,7.637822690553729
2021-2022,37,392028.4599999999,356571.72,4212.98,31243.759999999995,28193.620000000003,198128.91,165705.92999999996,607.0,338247.37999999995,344737.8599999999,305915.14,4771.42,26893.27,37234.31,9771.012099999996,702078.0,,507481.9300000001,453700.85000000015,248377.14999999985,6.700596685838324,0.5583830571531937,34.61743538317797,11.008011355475984,7.191727865879943
2022-2023,37,415230.79000000004,365030.57,5057.42,45142.8,31672.059999999998,194120.71,189438.02000000002,586.0,465141.08,474061.15,399149.92,7457.950000000001,51920.71000000001,48171.40000000001,9969.077499999989,733065.0,,392028.4599999999,441938.7499999999,291126.2500000001,6.797172801866138,0.5664310668221781,46.65838739843286,10.356298781436378,7.627579833374108
2023-2024,37,459243.40999999986,409410.51,4365.18,45467.72,37488.880000000005,196182.02,225572.50999999998,575.0,527993.11,540696.6900000004,430049.9600000001,9002.76,75165.60999999999,53394.39,9838.753700000008,636931.0,,415230.79000000004,483980.49000000017,152950.50999999983,8.652304441140403,0.7210253700950336,53.6646333569667,10.112705826786263,8.16318300571804
2024-2025,37,424151.42,375349.63,5206.75,43595.04,32004.43,203053.68999999997,189093.3,576.0,369821.61000000016,377025.38000000006,322530.09000000014,5996.879999999999,41016.390000000014,36341.119999999995,9720.547400000007,749351.0,,459243.40999999986,404913.60000000003,344437.39999999997,6.792300323880265,0.566025026990022,38.04534814572273,9.82666210338546,7.545519946626608
2019-2020,38,8808.88,3882.7800000000007,2612.8099999999995,2313.29,520.8499999999999,2394.99,5893.04,65.0,12104.259999999998,12345.109999999999,7822.509999999999,2443.0199999999995,1753.77,562.09,265.1579,18983.0,,,,,5.568485487014697,0.4640404572512247,45.64925276599339,4.643736998379084,5.912783463959095
2020-2021,38,10285.980000000001,5006.700000000001,2808.16,2471.12,536.14,2220.58,7529.26,66.0,14021.399999999998,14377.269999999999,7512.57,3835.12,2388.85,537.78,274.6424,10457.0,,8808.88,12544.299999999997,-2087.2999999999975,11.80374485990246,0.9836454049918716,51.05329694176863,3.83542299627712,5.212337570168326
2021-2022,38,7759.17,3897.15,1918.09,1943.9299999999998,420.74,2020.36,5318.07,71.0,9237.7,9328.76,5915.210000000001,1917.6900000000005,1404.7999999999997,240.95,279.3356,9698.0,,10285.980000000001,11764.51,-2066.51,9.600952773767787,0.8000793978139823,33.07025670913411,2.608333243123288,5.422487199017421
2022-2023,38,7556.81,3820.7699999999995,2112.83,1623.2099999999998,302.09,2134.51,5120.209999999999,63.0,12915.669999999998,13292.379999999997,8086.049999999998,2556.9499999999994,2127.91,361.49,268.62550000000005,9299.0,,7759.17,13118.029999999995,-3819.029999999995,9.751771158189053,0.8126475965157545,48.08058058523854,2.798848220804651,3.9975862831009374
2023-2024,38,8111.22,4973.950000000001,1818.1,1319.17,272.31,3308.2,4530.71,69.0,10723.749999999998,10821.339999999997,7011.2999999999965,2115.0699999999997,1594.3200000000002,311.4,266.59939999999995,8887.0,,7556.81,10169.339999999997,-1282.3399999999965,10.952474400810171,0.9127062000675144,40.224209056734566,2.903834945797879,3.3572015060619735
2024-2025,38,6554.049999999999,3555.31,1825.5,1173.24,260.15,1995.4,4298.5,58.0,9559.939999999999,9701.649999999998,5784.9,2057.4,1713.64,308.08000000000004,267.65759999999995,9232.0,,8111.22,11117.11,-1885.1100000000006,8.519129116117849,0.7099274263431542,35.71705044056287,3.2226143678726027,3.969301424310159
2019-2020,39,176037.50999999998,171887.24,706.9899999999999,3443.28,4025.4700000000007,34202.670000000006,137809.37,245.0,53371.969999999994,54030.16999999999,52257.56,192.0,922.4100000000001,1865.5100000000002,2049.0751,123297.0,,,,,17.133021241392733,1.4277517701160611,26.046858897460613,3.495299124240684,2.2867115082461695
2020-2021,39,194544.66000000003,190164.0,464.52,3916.14,4946.7300000000005,34400.060000000005,155197.87000000002,249.0,90486.01,91768.98,88245.09999999999,181.5,2059.41,2053.1,2167.5356,137859.0,,176037.50999999998,71978.85999999993,65880.14000000007,16.934229321263032,1.4111857767719194,41.74603176067788,2.268969534627508,2.5427220670050774
2021-2022,39,157442.37,152436.61,412.78000000000003,4592.98,4028.54,25048.010000000002,128365.81999999999,252.0,32929.90000000001,33430.55000000001,32029.980000000007,179.0,720.92,1201.76,2229.1745,155391.0,,194544.66000000003,70032.19000000006,85358.80999999994,12.158416124485974,1.0132013437071645,14.772239678858702,3.6494492846926336,2.5587394295449184
2022-2023,39,172045.47999999998,167791.94,62.33,4191.21,3717.6899999999996,27329.2,140998.59,236.0,98854.50999999998,100181.50999999998,95789.55999999997,187.5,2877.4499999999994,2879.9499999999994,2111.441099999999,141771.0,,157442.37,84251.4,57519.600000000006,14.562539306346148,1.2135449421955125,46.81850230157972,2.913321810001385,2.1608762985229255
2023-2024,39,207598.66999999995,201986.59999999998,117.55000000000001,5494.52,6172.09,33366.59,168059.99,238.0,119170.27999999997,121776.37999999996,114788.70999999998,243.54,4138.029999999999,3382.1199999999994,2184.5613000000008,135346.0,,172045.47999999998,83617.09,51728.91,18.406041109452804,1.533836759121067,54.55112658088373,2.8380566027032916,2.973087448007254
2024-2025,39,138682.35,133460.3,69.42,5152.63,3447.59,21002.29,114232.47,226.0,34623.65999999999,35215.18999999994,33422.61999999999,52.5,1148.5399999999997,834.92,2244.011599999998,142661.0,,207598.66999999995,103539.97999999995,39121.02000000005,11.665333903449437,0.9721111586207863,15.42935874306533,2.411414622255418,2.4859616238115376
2019-2020,40,38400.51,21782.33,15954.73,663.4499999999999,7910.55,20646.35,9843.609999999999,59.0,118808.32,121621.35,12493.58,54188.23,22154.54,14141.029999999999,1640.1612999999998,57124.0,,,,,8.06676913381416,0.67223076115118,72.43697311965599,11.902390337646386,20.6001170296957
2020-2021,40,35838.08,22167.36,13200.05,470.67,6955.91,20498.68,8383.49,47.0,109702.26999999999,112763.30999999998,12057.95,46574.399999999994,24294.050000000003,11835.189999999999,1623.1976,53304.0,,38400.51,112264.7,-58960.7,8.068005402971634,0.6723337835809695,67.58405138105182,10.788464085565412,19.409270809150488
2021-2022,40,27809.410000000003,15526.7,11867.42,415.28999999999996,6262.28,16818.030000000002,4729.1,52.0,86678.40999999999,88678.81,5009.03,50212.44999999999,13134.96,11717.89,1601.7178000000001,41891.0,,35838.08,94707.07999999999,-52816.07999999999,7.96621995177962,0.6638516626483016,54.11590606035594,13.518810508868356,22.518564759194813
2022-2023,40,22196.060000000005,15071.93,6776.49,347.64,4820.49,14867.41,2508.16,45.0,68711.65,83200.18,9883.899999999998,31638.94999999999,6567.140000000001,10113.930000000002,1566.2580999999998,42504.0,,27809.410000000003,74325.0,-31821.0,6.266533032185207,0.522211086015434,43.869940720498114,14.719381647799176,21.717773334546756
2023-2024,40,25697.47,15347.880000000001,8565.48,1784.1100000000001,4608.22,15255.670000000002,5833.58,51.0,73005.51,99401.61999999995,9484.7,30910.319999999992,4504.38,9078.85,1576.3010000000004,43891.0,,22196.060000000005,69504.1,-25613.100000000006,7.025805746052722,0.5854838121710602,46.31444755792198,12.435842171364875,17.9325824682352
2024-2025,40,27624.35,14212.91,13165.57,245.87,6194.81,16493.510000000002,4936.030000000001,46.0,69191.03,89178.53000000001,8533.730000000001,29243.060000000005,3987.53,11669.750000000002,1635.8927999999999,43469.0,,25697.47,67264.15,-23795.149999999994,7.6259449262692955,0.6354954105224413,42.29557706959772,16.865986819389743,22.42517923498653
2019-2020,41,182392.85000000003,150436.77000000002,10028.59,21927.490000000005,19356.670000000002,53675.520000000004,109360.66000000002,312.0,288506.31,293239.52,221163.56,39914.41,27143.659999999996,49918.05,6508.9943,598075.0,,,,,3.6595982109267235,0.304966517577227,44.32425298021846,17.302238554158485,10.612625440087152
2020-2021,41,178391.59999999998,139731.47,14259.29,24400.84,22691.68,53589.61,102110.31,304.0,346617.76000000007,352576.9000000001,231324.95,62104.479999999996,51704.8,56646.62,6556.726900000001,577298.0,,182392.85000000003,350619.0100000001,226678.98999999987,3.7081354863519356,0.30901129052932796,52.86444979125179,16.342676728393833,12.720150500359884
2021-2022,41,117186.34999999999,92548.36,7914.370000000001,16723.62,15017.939999999999,41364.91,60803.5,284.0,166964.43000000005,169611.67000000004,129499.74000000002,19915.899999999998,17548.79,26030.25,6391.455300000001,524855.0,,178391.59999999998,228169.68000000005,296685.31999999995,2.6792851358946757,0.22327376132455629,26.12306934228266,15.590296687743606,12.81543456213117
2022-2023,41,139132.43999999997,106824.36,11893.99,20414.09,16487.85,52441.899999999994,70202.69,273.0,318613.44999999995,323586.04,227635.35999999993,47563.12000000001,41951.40000000001,45930.860000000015,6497.436800000007,549341.0,,117186.34999999999,296667.36,252673.64,3.0392584569511465,0.25327153807926217,49.0367909388514,14.415857208790156,11.850471392581055
2023-2024,41,212929.46,165000.3,20314.440000000002,27614.72,22061.760000000002,61880.37,128987.33,275.0,404156.36,410967.78000000014,268000.35,62330.66,66356.93000000001,56116.79999999999,6365.755100000002,544735.0,,139132.43999999997,330359.33999999997,214375.66000000003,4.6906358504593975,0.39088632087161646,63.4891467942271,13.884923152019676,10.36106511517946
2024-2025,41,169687.13999999998,134942.1,11574.619999999999,23170.42,17789.61,53873.700000000004,98023.83,267.0,223614.38000000012,226781.71999999997,162492.40000000008,34573.779999999984,26457.350000000002,29285.689999999988,6216.206899999999,643341.0,,212929.46,266856.70000000007,376484.29999999993,3.1651110064491457,0.2637592505374288,35.9728019992385,13.09651463380842,10.483770308109385
2019-2020,42,18202.64,12409.859999999999,3509.84,2282.9400000000005,1565.75,12774.63,3862.26,87.0,35620.95,36046.67,23906.809999999998,8551.47,3162.6699999999996,3201.4199999999996,986.5101,50621.0,,,,,4.315040793346634,0.3595867327788862,36.108043901425845,8.987463837994214,8.60177424813104
2020-2021,42,16814.61,11189.99,3685.4,1939.2199999999998,1309.1699999999998,11468.1,4037.34,80.0,38645.31999999999,39486.439999999995,24090.709999999995,11081.25,3473.36,3717.2400000000002,1014.8186,55284.0,,18202.64,40033.34999999999,15250.650000000009,3.649795962665509,0.3041496635554591,38.08101270512779,9.618861999331358,7.785907612486996
2021-2022,42,16929.44,10414.47,3970.85,2544.12,1079.85,12214.439999999999,3635.1499999999996,86.0,35337.03,35728.38,20607.17,10554.03,4175.83,3212.71,1071.4904,57722.0,,16814.61,35222.2,22499.800000000003,3.51951214441634,0.29329267870136166,32.97932487309266,9.091624281950125,6.378533489589733
2022-2023,42,17234.59,11464.77,3875.65,1894.17,988.22,12481.37,3765.0000000000005,85.0,39023.46000000001,39838.64000000001,25925.620000000003,10227.33,2870.51,1920.0200000000002,1123.0289000000005,53685.0,,16929.44,38718.31000000001,14966.689999999988,3.85238111204247,0.3210317593368725,34.748402289558165,4.920168534517441,5.733933908494487
2023-2024,42,20517.170000000002,13617.939999999999,4607.41,2291.82,909.9300000000001,15482.38,4124.86,84.0,41627.64,42330.92,27076.309999999994,11521.369999999999,3029.9599999999996,2189.45,1106.6537999999998,46911.0,,17234.59,38345.06,8565.940000000002,5.248364775852146,0.4373637313210122,37.615774689428626,5.259606357698875,4.434968370394162
2024-2025,42,22312.05,15147.45,5032.52,2132.08,928.1600000000001,17099.65,4284.24,90.0,38457.189999999995,39038.07000000005,24729.41,11229.239999999998,2498.54,2168.87,1099.9823000000001,49641.0,,20517.170000000002,36662.31,12978.690000000002,5.393618178521786,0.44946818154348217,34.961644382823245,5.639699624439539,4.159904625527462
2019-2020,43,9.969999999999999,0.0,0.0,9.969999999999999,0.97,6.75,2.25,4.0,38.8,38.8,0.0,0.0,38.8,4.8,1.6859000000000002,0.0,,,,,,,23.014413666291,12.371134020618557,9.729187562688065
2020-2021,43,5.9,0.0,0.0,5.9,1.25,3.95,0.7,3.0,21.2,21.2,0.0,0.0,21.2,6.7,0.6859,0.0,,9.969999999999999,25.269999999999996,-25.269999999999996,,,30.90829566992273,31.603773584905664,21.1864406779661
2021-2022,43,3.37,0.0,0.0,3.37,1.17,2.0,0.2,3.0,49.949999999999996,49.949999999999996,0.0,0.0,49.949999999999996,10.5,4.531000000000001,15.0,,5.9,52.48,-37.48,2.696,0.22466666666666668,11.024056499668944,21.02102102102102,34.71810089020771
2022-2023,43,41.59,0.0,0.0,41.59,3.62,33.64,4.33,4.0,76.25,76.25,0.0,0.0,76.25,28.5,5.151000000000001,89.0,,3.37,38.03,50.97,5.607640449438202,0.4673033707865169,14.802950883323625,37.37704918032787,8.704015388314499
2023-2024,43,65.01,0.0,0.0,65.00999999999999,1.81,55.12,8.08,3.0,137.20000000000002,137.20000000000002,0.0,0.0,137.20000000000002,16.8,7.5522,113.0,,41.59,113.78000000000002,-0.7800000000000153,6.903716814159293,0.5753097345132744,18.166891766637537,12.244897959183671,2.784187048146439
2024-2025,43,1.1,0.0,0.0,1.1,0.0,0.7,0.4,3.0,56.0,56.0,0.0,0.0,56.0,0.0,4.6764,263.0,,65.01,119.91000000000001,143.08999999999997,0.050190114068441066,0.004182509505703423,11.975023522367634,0.0,0.0
2019-2020,44,345255.74999999994,219675.91999999998,55248.99,70330.84,34249.36,24769.800000000003,286236.58999999997,470.0,388755.45999999996,396091.8,236641.00999999998,81612.37999999999,70502.07,50957.06,10468.0282,2150277.0,,,,,1.9267605987507652,0.16056338322923044,37.13741046284151,13.107741303491919,9.91999698774025
2020-2021,44,431922.31,273431.32,68127.33,90363.66,42536.49,28358.25,361027.57,453.0,636943.69,649402.59,355929.72,101727.88999999998,175450.46,70238.51,10165.6332,1891426.0,,345255.74999999994,550277.1299999999,1341148.87,2.740296326686849,0.22835802722390408,62.65656821062557,11.027428499998171,9.848180798996005
2021-2022,44,256884.53999999998,147685.84,46175.21000000001,63023.49,33715.94,20710.480000000003,202458.12,435.0,246047.75,250497.54,141642.87000000002,56083.42,48321.46000000001,36271.81,9766.842999999999,1651486.0,,431922.31,421085.5200000001,1230400.48,1.8665701556053151,0.1555475129671096,25.192147554742103,14.741776748618914,13.124939320988336
2022-2023,44,259278.25999999992,146310.68999999997,51030.22,61937.350000000006,30533.15,22220.61,206524.5,415.0,429174.17,437498.12,254605.99000000002,89592.94999999998,84505.20000000003,49023.71000000001,9553.278800000007,1528220.0,,256884.53999999998,426780.45000000007,1101439.5499999998,2.035923571213568,0.1696602976011307,44.924279818987344,11.422800677869315,11.776209081316733
2023-2024,44,346002.42000000004,183225.37999999998,75989.32999999999,86787.71,42164.44,27431.04,276406.94,393.0,515815.5999999999,525163.7900000003,284344.8699999999,112683.65000000001,116908.21999999999,63591.47999999999,9312.391200000002,1281419.0,,259278.25999999992,429091.4399999998,852327.5600000002,3.2401806434897567,0.2700150536241464,55.39024176733467,12.328335940208088,12.186169102516681
2024-2025,44,260651.15,127032.98000000001,62813.75000000001,70804.42,36295.4,23414.32,200941.43,371.0,275337.6100000001,280429.93999999994,139433.85000000003,68953.23000000001,66950.53000000001,42817.39,9019.851299999993,1350376.0,,346002.42000000004,360688.8800000001,989687.1199999999,2.3162539914808913,0.19302116595674093,30.525737159325487,15.550868622706496,13.92489540138227
2019-2020,45,4516.299999999999,3952.54,109.05,454.71000000000004,170.88,2664.89,1680.53,11.0,3136.91,3251.5699999999997,2734.28,15.0,387.63,385.5,109.2991,2727.0,,,,,19.87370737073707,1.656142280894756,28.700236323995348,12.28916353991667,3.783628191218476
2020-2021,45,5043.17,4160.610000000001,179.37,703.19,282.96,2684.4100000000003,2075.8,9.0,4326.83,4455.67,3371.48,186.99,768.36,500.55,106.58009999999999,3006.0,,4516.299999999999,3799.959999999999,-793.9599999999991,20.13241516966068,1.67770126413839,40.59697823514897,11.568515518289372,5.6107567264240545
2021-2022,45,3833.45,2988.14,129.0,716.3100000000001,196.73,2392.93,1243.79,9.0,1368.9099999999999,1418.35,1060.4199999999998,43.0,265.49,276.12,102.61409999999998,3180.0,,5043.17,2578.63,601.3699999999999,14.465849056603773,1.2054874213836477,13.340369403425067,20.17079282056527,5.131930767324473
2022-2023,45,5202.280000000001,4019.2700000000004,187.39,995.62,348.18,3150.77,1703.33,13.0,4744.969999999999,4831.49,3483.0,432.6,829.37,658.4,109.77120000000001,3165.0,,3833.45,3376.1399999999976,-211.1399999999976,19.724284360189575,1.6436903633491313,43.226000991152496,13.875746316625817,6.69283468017869
2023-2024,45,5611.229999999999,4304.66,209.44,1097.13,375.2,3321.2900000000004,1914.74,11.0,4263.429999999999,4348.52,3340.95,299.51,622.97,529.75,112.87610000000001,2563.0,,5202.280000000001,3854.4800000000005,-1291.4800000000005,26.271853296917666,2.1893211080764723,37.770883295932435,12.425441487253224,6.686590996982837
2024-2025,45,5129.85,3839.99,166.88,1122.98,360.52,3171.57,1597.76,13.0,2364.42,2403.27,1848.1899999999998,228.6,287.63,454.63,105.1539,2750.0,,5611.229999999999,2845.7999999999984,-95.79999999999836,22.384800000000002,1.8654000000000002,22.48532864686902,19.227971341808985,7.027885805627844
2019-2020,46,273075.63,224222.52999999997,38883.0,9970.099999999999,8904.259999999998,259937.91999999995,4233.450000000001,231.0,163602.32,167170.37,104878.02,50714.34,7911.96,17291.66,4867.3458,244268.0,,,,,13.415214272847855,1.1179345227373214,33.612224551623186,10.569324444787824,3.260730369824652
2020-2021,46,332653.48000000004,247339.79,67944.83,17368.86,11355.720000000001,316763.58,4534.18,234.0,265429.36,271780.13,144492.24,89598.83000000002,25392.680000000004,22189.73,4886.070000000001,241278.0,,273075.63,205851.50999999995,35426.49000000005,16.544574142690177,1.3787145118908481,54.323691637655614,8.359938026448921,3.4136784019214232
2021-2022,46,260667.93999999997,205515.47,45098.06,10054.41,7158.5199999999995,250458.26,3051.16,226.0,134636.61,137955.36,89286.23000000001,37053.31,8262.07,12757.64,4866.7056,279255.0,,332653.48000000004,206622.15000000005,72632.84999999995,11.201286566041789,0.933440547170149,27.664835530630818,9.475609939971008,2.7462218790695934
2022-2023,46,304593.4200000001,236551.49,56981.4,11060.53,9413.33,291247.56999999995,3932.5199999999995,232.0,222928.93999999997,228536.25999999998,139040.74,67885.66999999998,11194.75,18910.339999999997,4811.9239,207524.0,,260667.93999999997,179003.45999999985,28520.540000000154,17.61300398989997,1.467750332491664,46.328442559118606,8.482676138862903,3.090457436670824
2023-2024,46,238102.8,193391.88,37083.76,7627.16,7675.23,225470.85,4956.72,227.0,102929.58999999998,105491.3200000001,64583.36000000001,32184.229999999992,6124.85,11371.69,4693.8129,182623.0,,304593.4200000001,169420.21000000008,13202.78999999992,15.645529862065565,1.3037941551721306,21.928779905138526,11.048028074337033,3.2234942218235147
2024-2025,46,196721.3,162899.81,26619.089999999997,7202.4,6414.93,186654.62,3651.75,211.0,72992.26000000002,74782.85999999999,46988.72000000001,20761.320000000003,5242.22,9148.27,4547.795600000002,141745.0,,238102.8,114373.76000000001,27371.23999999999,16.654242477688804,1.3878535398074006,16.050030920474963,12.533205575495263,3.260922940220505
2019-2020,47,282527.21,243774.09999999998,21992.97,16760.14,27080.560000000005,232297.05,23149.6,159.0,352533.44999999995,359486.3599999999,237357.19,70414.9,42059.479999999996,74483.31,6057.4398,231137.0,,,,,14.668038955251648,1.222336579604304,58.198424027259826,21.12801210778722,9.585115713279441
2020-2021,47,300090.2199999999,260463.16999999998,25360.14,14266.91,32411.54,243678.69999999998,23999.980000000003,147.0,351249.69,359784.92,213005.51,94048.12999999999,41303.100000000006,77243.62,6136.475699999999,235033.0,,282527.21,333686.6800000001,-98653.68000000011,15.321604370450103,1.2768003642041752,57.23964489910716,21.99108560067341,10.800598566657724
2021-2022,47,292854.94000000006,260464.88999999998,21510.95,10879.099999999999,36489.6,239289.57,17075.77,149.0,313087.11999999994,316853.32999999996,199355.59999999998,77926.49,34692.82,71057.8,6172.191600000001,240400.0,,300090.2199999999,320322.3999999998,-79922.39999999979,14.618383028286194,1.218198585690516,50.72543762251319,22.69585539002691,12.459957137823931
2022-2023,47,298218.3499999999,263443.83999999997,23183.83,11590.68,34526.66,250033.43,13658.259999999998,152.0,270990.2499999999,275531.9899999999,154836.72999999992,88083.99999999999,26850.709999999995,62102.80999999998,6110.647799999997,213561.0,,292854.94000000006,265626.84,-52065.840000000026,16.756899433885398,1.3964082861571163,44.34722125533074,22.91699055593329,11.57764436695462
2023-2024,47,289377.98000000004,238446.94,28533.5,22397.54,28678.950000000004,235209.43,25489.6,141.0,267581.9,275455.65999999986,137240.89,99777.48,27595.02,58426.37,6009.098200000001,185775.0,,298218.3499999999,276422.26999999996,-90647.26999999996,18.692158578926122,1.5576798815771769,44.529460343983054,21.83494847745681,9.910550208415996
2024-2025,47,219179.31,162133.25,28580.97,28465.090000000004,28549.430000000004,169042.09,21587.79,147.0,232790.98999999993,237519.2000000001,122003.29999999996,91100.4,17502.870000000003,59310.990000000005,5776.575199999997,240970.0,,289377.98000000004,302989.66,-62019.659999999974,10.914851309291613,0.9095709424409677,40.2991360694136,25.478215458424753,13.025604469691961
2019-2020,48,253.37,0.0,240.79,12.580000000000002,8.32,175.16,69.88999999999999,3.0,236.64999999999998,240.54999999999998,0.0,218.35999999999999,18.29,33.4,11.895600000000002,244.0,,,,,12.460819672131148,1.0384016393442623,19.89391035340798,14.113669976758928,3.2837352488455616
2020-2021,48,281.70000000000005,0.0,245.06,36.64,12.45,186.74,82.51,3.0,290.95,296.71,0.0,266.3,24.65,35.0,11.6467,269.0,,253.37,262.6199999999999,6.380000000000109,12.566542750929369,1.0472118959107808,24.981325182240464,12.029558343357966,4.419595314164003
2021-2022,48,194.14999999999998,0.0,167.04,27.11,3.06,126.41,64.67999999999999,5.0,477.21999999999997,488.66999999999996,0.0,466.24999999999994,10.969999999999999,14.21,16.1668,255.0,,281.70000000000005,564.7700000000001,-309.7700000000001,9.136470588235293,0.7613725490196077,29.51851943489126,2.9776622941201127,1.576100952871491
2022-2023,48,202.33,0.0,170.53000000000003,31.8,4.13,115.61000000000001,82.59,4.0,478.18000000000006,490.27000000000004,0.0,448.69000000000005,29.49,43.19,15.8158,231.0,,194.14999999999998,470.0,-239.0,10.510649350649352,0.8758874458874459,30.234322639385937,9.032163620393991,2.041219789452874
2023-2024,48,249.00000000000003,0.0,221.08,27.92,6.78,155.13000000000002,87.09,4.0,479.40999999999997,489.78999999999996,0.0,462.77,16.64,39.28,15.383799999999999,202.0,,202.33,432.74,-230.74,14.792079207920795,1.2326732673267329,31.163301654987713,8.193404392899605,2.72289156626506
2024-2025,48,199.06,0.0,177.34,21.72,2.23,136.75,60.08,5.0,340.28,346.86,0.0,322.63,17.65,30.68,15.856300000000001,235.0,,249.00000000000003,390.21999999999997,-155.21999999999997,10.164765957446809,0.847063829787234,21.460239778510747,9.016104384624429,1.1202652466592986
2019-2020,49,585461.6199999999,504075.01,34242.84,47143.770000000004,131852.55000000002,227034.65,226574.42000000004,728.0,854090.8600000001,869762.3300000001,763284.0700000001,47019.530000000006,42990.740000000005,432264.97,19849.9788,1585876.0,,,,,4.430068580393422,0.3691723816994518,43.02729330874651,50.61112233422097,22.521126149994263
2020-2021,49,663464.5,570893.3,39814.94,52756.259999999995,176453.36000000002,241812.02000000002,245199.12,724.0,1118532.3699999999,1145046.6199999999,925647.45,64284.76,82724.84999999999,546933.31,19654.576500000003,1635310.0,,585461.6199999999,1040529.4899999998,594780.5100000002,4.868541132873889,0.40571176107282414,56.90951265218051,48.89740562447917,26.59575003636216
2021-2022,49,582718.82,513988.35,27450.65,41279.82,160413.49,215720.83,206584.50000000003,725.0,876647.04,891650.41,793520.25,38960.78,44126.759999999995,468768.84,19614.650799999996,2104371.0,,663464.5,957392.7200000001,1146978.2799999998,3.322905438252095,0.2769087865210079,44.693481874273296,53.47292794144381,27.528455319153757
2022-2023,49,591711.4000000003,516901.78,29181.1,45628.52,158389.5,216332.12000000002,216989.77999999997,711.0,965727.6799999994,983143.4799999994,843444.3999999994,58768.67999999999,59399.73999999999,441148.4699999995,20382.656100000037,1775665.0,,582718.82,956735.099999999,818929.900000001,3.9988042789602782,0.33323368991335656,47.37987410777134,45.680421006468386,26.76803252396353
2023-2024,49,772999.4100000001,658819.68,43714.17,70465.56,236245.39,251573.05,285180.97000000003,705.0,1180203.9699999995,1211188.430000001,960565.3699999996,78111.92000000001,102841.23000000001,491418.63999999966,19591.6171,1484481.0,,591711.4000000003,998915.9599999995,485565.0400000005,6.2486437482190755,0.5207203123515897,60.240252960027455,41.63845000453607,30.56216951058216
2024-2025,49,747646.8700000001,636747.76,40919.29,69979.81999999999,217151.57,258793.13,271702.17,676.0,964657.5499999998,985136.9499999996,805464.5599999999,61592.11,82373.93999999999,414365.8800000001,19565.211800000012,1611957.0,,772999.4100000001,990010.0899999999,621946.9100000001,5.565757920341548,0.46381316002846235,49.3047333124193,42.95471278900996,29.044670514035587
2019-2020,50,,,,,,,,,,,,,,,,1.0,,,,,,,,,
2020-2021,50,,,,,,,,,,,,,,,,0.0,,,,,,,,,
2021-2022,50,,,,,,,,,,,,,,,,0.0,,,,,,,,,
2022-2023,50,4.24,0.0,0.0,4.24,0.0,0.0,4.24,2.0,4.1,4.1,0.0,0.0,4.1,0.0,1.8459,2.0,,,,,25.44,2.12,2.221138739910071,0.0,0.0
2023-2024,50,0.8,0.0,0.0,0.8,0.0,0.0,0.8,1.0,1.2000000000000002,32.9,0.0,0.0,1.2000000000000002,0.0,3.0355,4.0,,4.24,4.640000000000001,-0.6400000000000006,2.4000000000000004,0.2,0.3953220227310164,0.0,0.0
2024-2025,50,5.25,0.0,0.0,5.25,0.0,0.0,5.25,2.0,2.1,2.1,0.0,0.0,2.1,0.0,0.887,2.0,,0.8,-2.3499999999999996,4.35,31.5,2.625,2.367531003382187,0.0,0.0
2019-2020,51,3783526.6700000023,3783526.6700000023,0.0,0.0,162460.15999999948,9651.929999999998,3611414.5800000024,3977.0,1385157.85,1583536.3900000001,1385157.85,0.0,0.0,0.0,21143.0195,2878599.0,,,,,15.772367057724965,1.3143639214770804,65.51371955174143,0.0,4.293881718560725
2020-2021,51,2824151.32,2824151.32,0.0,0.0,150726.65,9315.96,2664108.71,3756.0,1243143.16,1515897.5099999998,1242358.22,0.0,784.94,0.0,23372.716800000002,2474031.0,,3783526.6700000023,2202518.510000002,271512.4899999979,13.6982179447226,1.1415181620602166,53.18779030429187,0.0,5.337059984448709
2021-2022,51,2515561.6799999997,2515561.6799999997,0.0,0.0,147370.82,7097.5,2361093.36,3576.0,1154924.95,1200103.5799999998,1154921.53,0.0,3.42,0.0,22993.3252,2920138.0,,2824151.32,1463514.5899999999,1456623.4100000001,10.337436162263563,0.8614530135219636,50.22870506785161,0.0,5.858366390761685
2022-2023,51,2794135.5500000003,2794135.5500000003,0.0,0.0,159083.93,9713.14,2625338.48,3643.0,1766028.8199999987,1955891.569999999,1766028.8199999987,0.0,0.0,0.0,20072.904799999975,2743961.0,,2515561.6799999997,1487454.9499999979,1256506.0500000021,12.219425348975443,1.0182854457479535,87.98073012332529,0.0,5.693493646004396
2023-2024,51,2998620.14,2985160.39,0.0,13459.75,165147.56,7401.97,2826070.61,3337.0,1980419.2700000014,2151837.8599999854,1980407.8200000012,0.0,11.450000000000001,0.0,21875.932799999988,2500985.0,,2794135.5500000003,1775934.680000002,725050.319999998,14.387707915081458,1.1989756595901215,90.52959195413155,0.0,5.507451837497497
2024-2025,51,2855695.69,2843418.94,0.0,12276.75,160978.53999999998,8884.09,2685833.06,3325.0,1306192.5599999963,1346590.2500000035,1306187.9599999962,0.0,4.6,0.0,22359.986899999963,2294403.0,,2998620.14,1449117.0099999965,845285.9900000035,14.935627385424443,1.244635615452037,58.41651722971262,0.0,5.637104141162884
2019-2020,52,8052.3099999999995,3791.2200000000003,3012.41,1248.6799999999998,498.10999999999996,1938.01,5616.1900000000005,15.0,5211.99,5604.389999999999,3231.44,1579.25,401.3,246.7,92.51929999999999,3012.0,,,,,32.08091633466135,2.673409694555113,56.334083807378576,4.733316832917945,6.185926771324005
2020-2021,52,7982.1399999999985,3617.87,3084.8900000000003,1279.3799999999999,398.71000000000004,1974.55,5608.880000000001,15.0,4789.22,5494.39,2727.86,1621.2299999999998,440.13,233.38,92.92269999999999,5392.0,,8052.3099999999995,4859.39,532.6099999999997,17.76440652818991,1.4803672106824923,51.5398282658597,4.873027340569028,4.995026396430031
2021-2022,52,5716.25,3463.0600000000004,1680.34,572.85,167.88,1177.08,4371.29,11.0,3586.77,3814.11,2361.05,932.72,293.0,219.7,91.4515,3528.0,,7982.1399999999985,5852.659999999998,-2324.659999999998,19.443027210884352,1.6202522675736961,39.22046111873507,6.125288211956718,2.936890443909906
2022-2023,52,6508.299999999998,3930.94,1900.86,676.5,313.58,1334.54,4860.179999999999,16.0,7097.9400000000005,7423.200000000001,4221.94,1977.1,898.9,363.26,95.91239999999999,6196.0,,5716.25,6305.890000000002,-109.89000000000215,12.604841833440926,1.0504034861200773,74.00440401866705,5.117822917635257,4.818155278644194
2023-2024,52,5956.589999999998,2696.3399999999997,2515.09,745.1600000000001,474.15000000000003,1537.69,3944.75,14.0,8180.66,8708.81,4979.1,2409.48,792.08,342.38,104.80040000000001,3446.0,,6508.299999999998,8732.37,-5286.370000000001,20.742623331398715,1.7285519442832264,78.0594348876531,4.185236887977253,7.960091260268041
2024-2025,52,5709.060000000001,3322.14,1963.35,423.57000000000005,322.87,1291.25,4094.9399999999996,16.0,3330.79,3303.84,2268.19,710.8,351.8,150.3,102.15239999999999,3923.0,,5956.589999999998,3578.319999999996,344.68000000000393,17.463349477440737,1.4552791231200615,32.60608659218971,4.5124429940044255,5.655396860428861
2019-2020,53,310.0,0.0,0.0,310.0,103.12,0.0,206.88,1.0,39.0,39.0,0.0,0.0,39.0,14.0,0.6,8.0,,,,,465.0,38.75,65.0,35.8974358974359,33.26451612903226
2020-2021,53,335.35,0.0,0.0,335.35,114.11,0.0,221.24,1.0,35.7,35.7,0.0,0.0,35.7,12.9,0.6,3.0,,310.0,10.349999999999966,-7.349999999999966,1341.4,111.78333333333335,59.50000000000001,36.134453781512605,34.02713582823915
2021-2022,53,312.94,0.0,0.0,312.94,104.7,0.0,208.24,1.0,,,,,,,,4.0,,335.35,,,938.82,78.235,,,33.45689269508532
2022-2023,53,302.64,0.0,0.0,302.64,79.94,6.5,216.2,2.0,32.9,32.9,0.0,0.0,32.9,0.0,1.6799000000000002,6.0,,312.94,43.19999999999999,-37.19999999999999,605.28,50.44,19.58449907732603,0.0,26.414221517314303
2023-2024,53,313.99,0.0,0.0,313.99,83.86,6.23,223.9,2.0,64.52,64.52,0.0,0.0,64.52,5.0,1.7999000000000003,8.0,,302.64,53.16999999999996,-45.16999999999996,470.985,39.24875,35.846435913106276,7.749535027898327,26.707856938119047
2024-2025,53,312.47999999999996,0.0,0.0,312.47999999999996,84.5,1.58,226.4,2.0,35.85,37.8,0.0,0.0,35.85,8.5,1.7099000000000002,19.0,,313.99,37.36000000000007,-18.36000000000007,197.35578947368418,16.446315789473683,20.96613837066495,23.709902370990235,27.04173067076293
2019-2020,54,3554.8399999999997,1405.27,0.0,2149.5699999999997,1291.8,649.6300000000001,1613.4099999999999,17.0,3836.4400000000005,3900.4400000000005,2735.44,0.0,1101.0,1879.0,107.6807,4717.0,,,,,9.043476786092855,0.7536230655077379,35.62792589572691,48.97769807425634,36.33918826163766
2020-2021,54,3271.7200000000003,1137.33,0.0,2134.39,1374.59,641.0,1256.13,19.0,4282.48,4373.419999999999,2918.21,0.0,1364.27,2154.63,108.3826,4631.0,,3554.8399999999997,4565.599999999999,65.40000000000055,8.477788814510905,0.7064824012092421,39.512615493630896,50.312669294427536,42.01429217659212
2021-2022,54,2561.56,983.69,69.37,1508.5,1177.2600000000002,307.24,1077.06,17.0,3668.51,3762.13,2686.44,196.41,785.66,1921.86,108.6576,4642.0,,3271.7200000000003,4378.67,263.3299999999999,6.621869883670832,0.5518224903059026,33.762111439972905,52.38802674655377,45.95871265947314
2022-2023,54,2983.7400000000002,1101.77,190.95999999999998,1691.01,1271.29,602.9399999999999,1109.5099999999998,19.0,5529.3,5623.17,3773.84,268.59999999999997,1486.8600000000001,2612.59,112.0381,5440.0,,2561.56,5107.120000000001,332.8799999999992,6.581779411764707,0.5484816176470588,49.35196152023285,47.24992313674426,42.60726470805096
2023-2024,54,2714.74,943.43,244.3,1527.01,1183.9299999999998,487.49,1043.3200000000002,19.0,3828.7799999999997,3893.070000000002,2527.04,277.3,1024.44,1746.9,115.0329,4079.0,,2983.7400000000002,4097.780000000001,-18.780000000000655,7.986486884040205,0.6655405736700171,33.284216950107314,45.62549950637018,43.611174550785705
2024-2025,54,2716.34,944.53,429.51,1342.3,1091.0300000000002,513.5500000000001,1111.76,17.0,3780.7999999999993,3858.620000000001,2447.8499999999995,333.25,999.6999999999998,1603.7799999999997,118.66459999999998,3991.0,,2714.74,3779.199999999999,211.8000000000011,8.167396642445503,0.6806163868704586,31.861229043876605,42.41906474820144,40.1654432066678
2019-2020,55,597.91,0.0,229.52,368.39,92.18,108.53,397.2,6.0,2246.79,2275.97,0.0,1612.08,634.71,412.8,41.1483,2650.0,,,,,2.707516981132075,0.22562641509433962,54.60225574325063,18.372878640193342,15.417036008763862
2020-2021,55,706.23,0.0,425.95,280.28,141.13,126.44,438.65999999999997,6.0,2010.5,2035.1,0.0,1420.7,589.8,390.8,41.7629,2442.0,,597.91,1902.1799999999998,539.8200000000002,3.4704176904176904,0.2892014742014742,48.14081397604093,19.437950758517783,19.983574756099287
2021-2022,55,816.6899999999999,0.0,641.89,174.8,181.21,91.97,543.51,6.0,2853.64,2895.64,0.0,2303.8599999999997,549.78,516.95,46.3398,2630.0,,706.23,2743.18,-113.17999999999984,3.726342205323194,0.31052851711026613,61.58075779351659,18.115459553412485,22.18834563910419
2022-2023,55,1422.7599999999998,0.0,1316.57,106.19,247.15,370.79,804.8199999999999,6.0,3127.16,3193.56,0.0,2471.23,655.9300000000001,666.53,45.770800000000015,2725.0,,816.6899999999999,2521.09,203.90999999999985,6.265365137614678,0.5221137614678898,68.32216172756428,21.314227605878816,17.371165902892972
2023-2024,55,2209.16,0.0,1585.0,624.16,446.93,397.55,1364.6799999999998,7.0,3378.4300000000003,3425.5700000000006,0.0,2696.33,682.1,650.75,46.3308,2229.0,,1422.7599999999998,2592.0300000000007,-363.03000000000065,11.893189771197846,0.9910991475998204,72.9197423744032,19.261905678081238,20.23076644516468
2024-2025,55,1658.6299999999999,0.0,1603.41,55.22,311.23,272.34000000000003,1075.06,5.0,2347.7200000000003,2373.87,0.0,2271.02,76.7,401.9,46.220800000000004,3040.0,,2209.16,2898.25,141.75,6.547223684210525,0.5456019736842105,50.79358211021878,17.118736476240777,18.764281364740782
2019-2020,56,,,,,,,,,,,,,,,,0.0,,,,,,,,,
2020-2021,56,,,,,,,,,,,,,,,,13.0,,,,,,,,,
2021-2022,56,,,,,,,,,,,,,,,,24.0,,,,,,,,,
2022-2023,56,13.620000000000001,0.0,0.0,13.620000000000001,0.41,0.0,13.21,2.0,242.5,242.5,185.0,0.0,57.5,5.5,12.4925,72.0,,,,,2.27,0.18916666666666668,19.411646988192917,2.268041237113402,3.010279001468428
2023-2024,56,167.35,0.0,0.0,167.35,57.41,0.0,109.94,3.0,587.3,589.1,260.0,0.0,327.29999999999995,76.9,17.1286,151.0,,13.620000000000001,433.56999999999994,-282.56999999999994,13.299337748344369,1.108278145695364,34.28768258935348,13.093819172484253,34.305348072901104
2024-2025,56,179.03,0.0,0.0,179.03,30.18,39.0,109.85,4.0,247.08,253.5,61.0,0.0,186.08,0.0,24.214599999999997,307.0,,167.35,235.4,71.6,6.997915309446254,0.5831596091205212,10.2037613671091,0.0,16.857509914539463
2019-2020,57,4329.37,2352.84,0.0,1976.53,295.43,1103.66,2930.2799999999997,17.0,3254.1,3288.75,1943.02,0.0,1311.08,247.04999999999998,87.1532,2350.0,,,,,22.107421276595744,1.8422851063829786,37.337699591064926,7.591960910850926,6.823856588833942
2020-2021,57,4520.06,2492.54,0.0,2027.52,217.45999999999998,1157.94,3144.66,21.0,3304.6499999999996,3366.5899999999997,1791.98,0.0,1512.67,220.10000000000002,91.8442,2492.0,,4329.37,3113.959999999999,-621.9599999999991,21.76593900481541,1.8138282504012844,35.981041807757045,6.6603119846277234,4.810998084096228
2021-2022,57,3585.87,1798.6399999999999,173.61,1613.62,170.24,802.3800000000001,2613.25,21.0,2822.1299999999997,2862.1299999999997,1604.29,238.0,979.8399999999998,318.76,84.6667,3193.0,,4520.06,3756.3200000000006,-563.3200000000006,13.476492326965237,1.123041027247103,33.3322309715626,11.295014758356277,4.747522916335506
2022-2023,57,4434.679999999999,2350.8999999999996,344.69,1739.0900000000001,281.19,993.9100000000001,3159.58,20.0,4816.589999999999,4872.369999999999,2517.2,432.0,1867.3899999999999,333.91999999999996,97.15019999999998,3127.0,,3585.87,3967.7799999999997,-840.7799999999997,17.01827950111928,1.4181899584266067,49.5787965439083,6.932705503270986,6.3407055300495205
2023-2024,57,4569.920000000001,2401.01,480.73,1688.18,260.19,914.3000000000001,3395.4300000000003,23.0,3363.75,3413.2199999999993,1752.36,400.5,1210.89,246.82999999999998,94.5986,2557.0,,4434.679999999999,3228.5099999999984,-671.5099999999984,21.446632772780607,1.7872193977317172,35.55813722401811,7.337941285767373,5.693535116588473
2024-2025,57,4324.000000000001,2321.48,459.01,1543.5100000000002,210.87,910.34,3202.79,23.0,2949.78,2956.02,2040.73,247.7,661.3499999999999,143.21,100.20920000000001,2735.0,,4569.920000000001,3195.7,-460.6999999999998,18.971846435100552,1.580987202925046,29.436219428954626,4.854938334384259,4.876734505087881
2019-2020,58,66008.19000000002,58134.06000000001,5791.59,2082.54,563.25,5617.32,59827.62000000001,115.0,88681.70999999998,89672.62999999998,84494.03999999998,3857.05,330.62,887.5899999999999,1536.9732,102758.0,,,,,7.708385527160905,0.642365460596742,57.6989305994405,1.0008715438617504,0.8533032037388085
2020-2021,58,57481.460000000014,53474.14,2650.81,1356.51,486.51,4726.47,52268.479999999996,107.0,82019.71999999999,82274.35999999999,77355.22999999998,3442.6400000000003,1221.85,718.25,1516.2932999999998,133904.0,,66008.19000000002,90546.44999999998,43357.55000000002,5.151283904887085,0.42927365874059037,54.092252468569235,0.875704038004519,0.8463772492904666
2021-2022,58,42589.69999999999,38608.25,1571.5500000000002,2409.9,636.08,4232.34,37721.28,104.0,61730.979999999996,62088.85,60193.54,1118.44,419.0,705.51,1548.5400000000002,132799.0,,57481.460000000014,76622.74000000002,56176.25999999998,3.8484958471072814,0.3207079872589401,39.86398801451689,1.1428783408265994,1.493506645973088
2022-2023,58,47142.99999999999,40956.45,2369.0699999999997,3817.48,492.03000000000003,4554.35,42096.62,108.0,92376.87000000001,92531.82,87798.81,3175.6600000000003,1330.8999999999999,720.5699999999999,1568.8774000000005,135521.0,,42589.69999999999,87823.57,47697.42999999999,4.174378878550187,0.34786490654584895,58.880872399589656,0.7800329238260615,1.0436968372823117
2023-2024,58,62924.01,53552.3,3888.05,5483.66,652.2,5760.26,56511.549999999996,107.0,100214.79,101440.73000000005,93319.86000000002,3982.3200000000006,2803.6099999999997,854.0900000000001,1582.3988000000004,111134.0,,47142.99999999999,84433.77999999997,26700.22000000003,6.794393434952401,0.5661994529127,63.330931494639636,0.8522594319660802,1.0364882975512846
2024-2025,58,50376.49,42900.17,2728.17,4748.150000000001,438.12,4498.83,45439.54,105.0,65756.34000000001,66043.11,64062.83000000001,1186.1,507.40999999999997,346.25,1566.3353,120847.0,,62924.01,78303.86000000002,42543.139999999985,5.002340811108261,0.41686173425902173,41.98101134539968,0.5265651950823297,0.8696913977134969
2019-2020,59,71.06,0.0,0.0,71.06,26.08,18.03,26.95,1.0,27.0,28.7,0.0,0.0,27.0,13.5,1.8098,0.0,,,,,,,14.918775555309978,50.0,36.7013791162398
2020-2021,59,83.97,0.0,0.0,83.97,30.12,16.22,37.63,1.0,22.8,26.7,0.0,0.0,22.8,6.9,1.8098,0.0,,71.06,9.89,-9.89,,,12.598077135595092,30.263157894736842,35.86995355484102
2021-2022,59,59.39,0.0,0.0,59.39,19.5,13.3,26.59,1.0,,,,,,,,0.0,,83.97,,,,,,,32.83381040579222
2022-2023,59,33.0,0.0,0.0,33.0,5.29,10.28,17.43,1.0,,,,,,,,777.0,,59.39,,,0.5096525096525096,0.04247104247104247,,,16.03030303030303
2023-2024,59,112.38000000000001,0.0,0.0,112.38000000000001,0.79,19.72,91.87,4.0,242.76999999999998,242.76999999999998,0.0,0.0,242.76999999999998,41.0,9.1646,27.0,,33.0,163.39,-136.39,49.94666666666667,4.162222222222223,26.48997228466054,16.88841290109981,0.7029720590852465
2024-2025,59,12.27,0.0,0.0,12.27,0.25,9.0,3.02,2.0,169.98000000000002,170.0,0.0,0.0,169.98000000000002,0.3,11.0478,1116.0,,112.38000000000001,270.09000000000003,845.91,0.13193548387096773,0.010994623655913978,15.385868679737143,0.1764913519237557,2.037489812550937
2019-2020,60,,,,,,,,,,,,,,,,0.0,,,,,,,,,
2020-2021,60,,,,,,,,,,,,,,,,0.0,,,,,,,,,
2021-2022,60,49.260000000000005,0.0,0.0,49.260000000000005,12.23,0.0,37.03,1.0,,,,,,,,0.0,,,,,,,,,24.827446203816482
2022-2023,60,20.19,0.0,0.0,20.19,2.35,2.05,15.79,2.0,20.22,23.38,0.0,0.0,20.22,1.95,0.3085,11.0,,49.260000000000005,49.290000000000006,-38.290000000000006,22.025454545454547,1.8354545454545457,65.54294975688816,9.643916913946587,11.639425458147597
2023-2024,60,70.58,0.0,0.0,70.58,12.48,0.07,58.03,3.0,39.81,45.57,0.0,0.0,39.81,5.2,1.7985000000000002,23.0,,20.19,-10.579999999999998,33.58,36.82434782608696,3.068695652173913,22.13511259382819,13.062044712383821,17.68206290733919
2024-2025,60,0.0,0.0,0.0,0.0,0.0,0.0,0.0,1.0,14.979999999999999,15.32,0.0,0.0,14.979999999999999,0.45,1.4385,2.0,,70.58,85.56,-83.56,0.0,0.0,10.413625304136254,3.004005340453939,
2019-2020,61,,,,,,,,,,,,,,,,0.0,,,,,,,,,
2020-2021,61,,,,,,,,,,,,,,,,0.0,,,,,,,,,
2021-2022,61,,,,,,,,,,,,,,,,0.0,,,,,,,,,
2022-2023,61,,,,,,,,,,,,,,,,0.0,,,,,,,,,
2023-2024,61,,,,,,,,,2.4,2.9,0.0,0.0,2.4,0.0,0.12,0.0,,,,,,,20.0,0.0,
2024-2025,61,5.26,0.0,0.0,5.26,0.0,0.0,5.26,1.0,11.4,13.5,0.0,0.0,11.4,0.0,0.42,4.0,,,,,15.78,1.315,27.142857142857146,0.0,0.0
2019-2020,62,12.22,0.0,0.0,12.22,0.0,0.0,12.22,1.0,6.3,6.5,0.0,0.0,6.3,0.0,0.3,0.0,,,,,,,21.0,0.0,0.0
2020-2021,62,5.2,0.0,0.0,5.2,0.0,0.0,5.2,1.0,5.5,6.0,0.0,0.0,5.5,0.0,0.3,0.0,,12.22,12.52,-12.52,,,18.333333333333336,0.0,0.0
2021-2022,62,,,,,,,,,3.45,3.5,0.0,0.0,3.45,0.0,0.3,0.0,,5.2,,,,,11.500000000000002,0.0,
2022-2023,62,13.6,0.0,0.0,13.6,0.0,0.0,13.6,1.0,200.9,201.0,0.0,0.0,200.9,0.0,10.7319,3.0,,,,,54.4,4.533333333333333,18.719891165590436,0.0,0.0
2023-2024,62,87.55,0.0,0.0,87.55,0.0,0.0,87.55,3.0,833.3199999999999,838.56,0.0,0.0,833.3199999999999,0.0,17.0387,13.0,,13.6,759.37,-746.37,80.81538461538462,6.734615384615385,48.907487073544345,0.0,0.0
2024-2025,62,29.28,0.0,0.0,29.28,0.0,0.0,29.28,1.0,568.9699999999999,571.6199999999999,0.0,0.0,568.9699999999999,0.0,24.5902,96.0,,87.55,627.2399999999999,-531.2399999999999,3.66,0.305,23.138079397483548,0.0,0.0
2019-2020,63,4469.72,2779.0600000000004,620.8299999999999,1069.83,492.34000000000003,3427.7000000000003,549.68,59.0,7685.469999999999,7791.969999999999,4579.0199999999995,2192.45,913.9999999999999,1156.5900000000001,407.9044,11148.0,,,,,4.811324004305705,0.40094366702547546,18.84135106167033,15.049047097965385,11.015007651485998
2020-2021,63,4776.91,2747.6000000000004,752.49,1276.8200000000002,603.62,3563.51,609.78,55.0,14045.539999999999,14252.32,8370.789999999999,3563.96,2110.79,2301.75,421.2557,33651.0,,4469.72,13738.349999999999,19912.65,1.7034536863689043,0.14195447386407536,33.34207703302293,16.387764372177934,12.636202063677146
2021-2022,63,3701.1499999999996,2244.13,548.96,908.06,457.67,2762.97,480.51,54.0,9670.910000000002,9821.54,6040.05,2366.7200000000003,1264.14,1806.21,420.36170000000004,12438.0,,4776.91,10746.670000000002,1691.329999999998,3.5708152436082967,0.29756793696735806,23.006163501574957,18.676732592899732,12.365616092295639
2022-2023,63,5495.94,2949.96,816.96,1729.02,835.73,3774.93,885.28,67.0,16269.469999999996,16483.289999999997,9093.419999999996,4237.6,2938.4500000000007,2666.6500000000005,419.49250000000006,12879.0,,3701.1499999999996,14474.679999999997,-1595.6799999999967,5.1208385744234795,0.4267365478686233,38.783696967168645,16.390515486982682,15.206315935035683
2023-2024,63,6689.25,3102.52,867.3399999999999,2719.39,725.86,5102.16,861.23,60.0,14055.170000000002,14236.780000000004,7536.609999999999,3999.1700000000005,2519.3900000000003,1853.7700000000004,433.8962,11633.0,,5495.94,12861.86,-1228.8600000000006,6.900283675750022,0.5750236396458351,32.39293176570802,13.189239262136281,10.851141757297157
2024-2025,63,5061.37,2878.1099999999997,868.6299999999999,1314.63,588.03,3758.05,715.29,60.0,9885.96,9999.85,6256.03,1929.71,1700.2199999999998,1133.4,444.44619999999986,21802.0,,6689.25,11513.84,10288.16,2.7858196495734338,0.2321516374644528,22.243322138877556,11.464743939890514,11.618000659900382
2019-2020,64,196231.34000000005,189561.89,2876.91,3792.54,3652.43,104446.5,88132.41,115.0,98198.68000000001,99262.18000000001,92420.36,2631.9799999999996,3146.34,6329.759999999999,2553.2960999999996,113008.0,,,,,20.837251168058902,1.736437597338242,38.4595738817758,6.44587075915888,1.8612878044862755
2020-2021,64,189800.52999999994,185828.11,586.56,3385.8599999999997,3387.2700000000004,98162.09,88251.17,102.0,97016.10000000002,97874.20000000003,88487.37,4993.25,3535.4800000000005,6862.070000000001,2561.3926,115993.0,,196231.34000000005,103446.91000000012,12546.08999999988,19.635722500495714,1.6363102083746428,37.87630994170906,7.07312497616375,1.7846472820702879
2021-2022,64,194230.26999999996,187730.02,3694.9,2805.3499999999995,3636.29,102252.28,88341.7,111.0,102039.97000000002,103447.70000000001,92075.11,7480.2300000000005,2482.02,6656.98,2578.5193999999997,124622.0,,189800.52999999994,97610.22999999998,27011.77000000002,18.7026627722232,1.5585552310186,39.57308601207345,6.523894509181058,1.8721541189228645
2022-2023,64,179936.72,172063.44,4550.030000000001,3323.25,4170.68,89685.08,86080.95999999999,116.0,87047.89000000001,87919.14000000001,81060.98000000001,3273.02,2713.8900000000003,5885.310000000001,2627.2721000000006,112628.0,,194230.26999999996,101341.43999999997,11286.560000000027,19.1714372980076,1.5976197748339667,33.13242278940198,6.761002478061215,2.3178593007586223
2023-2024,64,169132.15999999997,164352.09,1695.85,3084.22,4023.6,84961.26,80147.3,114.0,77221.33000000002,77722.21999999997,72012.73000000003,1442.1100000000001,3766.489999999999,6210.309999999999,2529.5741000000016,97765.0,,179936.72,88025.89000000004,9739.109999999957,20.759841661126167,1.7299868050938472,30.527403802877316,8.042220977027975,2.378968021220802
2024-2025,64,168319.65999999997,161727.93,3841.13,2750.6,4700.61,93812.09999999999,69806.95,118.0,78633.72000000003,79289.82000000007,71777.15000000004,4242.3099999999995,2614.2599999999998,5547.170000000001,2538.877700000003,103857.0,,169132.15999999997,79446.22000000003,24410.77999999997,19.448240561541347,1.6206867134617788,30.971842401073488,7.054441784008183,2.7926684262551387
2019-2020,65,11225.050000000001,10605.58,515.98,103.49000000000001,36.69,10648.15,540.2099999999999,12.0,10301.69,10606.79,8802.99,1473.0,25.7,806.9100000000001,243.7646,3956.0,,,,,34.04969666329626,2.837474721941355,42.26081227544935,7.832792483563376,0.3268582322573173
2020-2021,65,9802.919999999998,9349.99,347.40999999999997,105.52,31.580000000000002,9147.339999999998,624.0,13.0,7475.410000000001,7546.050000000001,5439.530000000001,1955.1799999999998,80.7,339.52,216.3108,5640.0,,11225.050000000001,8897.540000000005,-3257.5400000000045,20.857276595744676,1.738106382978723,34.55865356699712,4.541824461802094,0.32214891073272056
2021-2022,65,11332.32,10561.12,628.04,143.16,13.96,10785.7,532.66,14.0,9764.159999999998,9944.659999999998,6409.25,3029.98,324.93,1315.8700000000001,224.06119999999999,3719.0,,9802.919999999998,8234.759999999995,-4515.759999999995,36.56570045711212,3.0471417047593437,43.5780938422181,13.476530495198771,0.12318748499865873
2022-2023,65,10950.41,9455.8,1049.26,445.34999999999997,119.43,10153.82,677.16,15.0,7771.9000000000015,7848.120000000002,5567.06,1895.8899999999999,308.95,953.14,216.95000000000002,3576.0,,11332.32,8153.810000000001,-4577.810000000001,36.746342281879194,3.0621951901565994,35.82346162710302,12.263925166304247,1.090644094604677
2023-2024,65,7119.62,6312.19,385.02,422.40999999999997,47.010000000000005,6527.25,545.36,14.0,5230.29,5286.5599999999995,3630.0299999999997,1539.2599999999998,61.0,668.8,209.63530000000003,4502.0,,10950.41,9061.080000000002,-4559.080000000002,18.977219013771656,1.5814349178143048,24.949471773122177,12.787053872729809,0.6602880490812713
2024-2025,65,7215.84,5940.87,704.18,570.79,32.05,6506.73,677.06,15.0,8267.339999999998,8419.83,5448.679999999999,2567.3599999999997,251.3,1017.24,212.8979,2129.0,,7119.62,8171.119999999999,-6042.119999999999,40.67171441991545,3.3893095349929543,38.83241685333673,12.304320373905032,0.4441617330761214
2019-2020,66,823719.1499999999,645323.72,155198.01,23197.420000000002,158987.48000000004,462102.30000000005,202629.36999999997,477.0,612622.0099999999,630520.5499999999,348093.30999999994,245738.58000000002,18790.12,170259.35,20496.160499999998,540283.0,,,,,18.295281917069385,1.5246068264224488,29.889598590916574,27.791908749736244,19.301175649491707
2020-2021,66,730410.2000000002,564104.76,141878.7,24426.74,132529.0,430416.45,167464.75000000003,454.0,539542.6699999999,552280.5299999999,287771.95999999996,232850.07999999996,18920.63,156890.01,19699.9398,543779.0,,823719.1499999999,632851.6199999996,-89072.61999999965,16.11853786188875,1.3432114884907291,27.38803648526885,29.078332210499685,18.144461838019236
2021-2022,66,671500.4900000001,521962.16,123671.62,25866.710000000003,134043.08,401752.00999999995,135705.4,458.0,541065.36,555623.96,303507.39,212211.05,25346.92,154013.66999999998,19381.872099999997,523135.0,,730410.2000000002,599975.07,-76840.06999999995,15.403301021724795,1.2836084184770664,27.916052546853823,28.46489193098593,19.96172482316431
2022-2023,66,695444.1,522770.78,145833.28999999998,26840.030000000002,121411.02,425295.23000000004,148737.85,451.0,562872.6699999998,576994.7799999998,296581.1399999999,240094.33999999997,26197.189999999995,154478.18999999994,18880.52529999999,434268.0,,671500.4900000001,538929.0599999999,-104661.05999999994,19.217002404045427,1.6014168670037856,29.812341608948778,27.44460661058566,17.458055938644097
2023-2024,66,666431.0399999999,490902.89,150089.09,25439.059999999998,110453.4,409259.35,146718.28999999998,451.0,476865.5600000002,487232.409999999,253475.56,201368.1200000001,22018.88000000001,115283.57000000007,18303.454899999993,389351.0,,695444.1,505878.6200000002,-116527.62000000023,20.539750713366598,1.71164589278055,26.05330865704487,24.175276990017906,16.573867867859217
2024-2025,66,584354.21,441498.23,123083.17000000001,19772.809999999998,89965.48000000001,358191.23000000004,136197.5,415.0,320745.3299999999,328410.1599999996,174817.32999999996,130962.17999999996,14965.82,85479.40999999996,17699.409000000018,374359.0,,666431.0399999999,402822.1599999999,-28463.159999999916,18.73135284579775,1.5609460704831457,18.121810168915786,26.65024304484807,15.395710077967953
2019-2020,67,246672.6999999999,246660.6999999999,0.0,12.0,27376.09999999999,6153.199999999999,213143.3999999999,313.0,453354.83,462848.22000000003,451482.07,0.0,1324.21,20321.67,6720.765900000001,386318.0,,,,,7.662268907998071,0.6385224089998393,67.45582821148405,4.482508766918839,11.098147464230944
2020-2021,67,240126.43,237502.22,0.0,2624.2100000000005,24636.78,5769.72,209719.93,311.0,975870.0,1012924.0,955933.0,0.0,6208.0,81291.0,15692.0,401546.0,,246672.6999999999,982416.27,-580870.27,7.176057438002122,0.5980047865001767,62.189013510068825,8.330105444372714,10.259920159559279
2021-2022,67,190734.87000000002,187890.88,0.0,2843.9900000000002,19843.11,4907.29,165984.47,305.0,385975.86000000045,397746.6400000004,377770.89000000036,0.0,4463.83,33798.36,6713.035399999997,405624.0,,240126.43,435367.4200000005,-29743.420000000508,5.642709602982073,0.4702258002485061,57.49647320495295,8.756599441218931,10.403504089210324
2022-2023,67,180403.36000000002,176711.15,0.0,3692.21,19519.29,5276.52,155607.55000000002,298.0,407530.4600000001,419812.4000000001,400524.9700000001,0.0,3945.54,42280.43999999998,6695.546199999991,390644.0,,190734.87000000002,417861.9700000001,-27217.97000000009,5.541721669857979,0.46181013915483154,60.8659021724024,10.374792598325037,10.819804021388514
2023-2024,67,198231.02999999997,192584.36,0.0,5646.67,22243.739999999998,6559.33,169427.96,297.0,469744.2200000007,484100.3600000012,452108.5200000008,0.0,6412.309999999999,50957.220000000045,6698.391399999998,348092.0,,180403.36000000002,451916.5500000008,-103824.5500000008,6.833746136078966,0.5694788446732472,70.12791459155416,10.84786524887948,11.221119115407916
2024-2025,67,188189.36000000002,183459.89,0.0,4729.47,20533.51,6122.13,161533.72,290.0,394406.8300000005,399892.39000000025,388696.9300000005,0.0,3031.1299999999997,35400.36999999993,6667.043199999995,379630.0,,198231.02999999997,404448.50000000047,-24818.500000000466,5.948613966230278,0.4957178305191898,59.1576832740488,8.975597608185408,10.91108976618019
2019-2020,68,550485.4800000003,550485.4800000003,0.0,0.0,46695.95999999999,11009.899999999996,492779.6200000003,395.0,584534.4700000001,594489.4600000001,581042.9300000002,0.0,1444.5,33171.54,8971.684500000001,859739.0,,,,,7.683524604560225,0.6402937170466855,65.15325745126236,5.6748646491283905,8.482686954794877
2020-2021,68,556657.82,552497.84,0.0,4159.98,44233.520000000004,11409.87,501014.43,395.0,,,,,,,,865181.0,,550485.4800000003,,,7.720805056976515,0.6434004214147097,,,7.9462676011629565
2021-2022,68,476081.31,471403.8,0.0,4677.509999999999,33029.04,9737.38,433314.89,388.0,423136.5200000003,431701.9900000003,415987.27000000025,0.0,2551.04,34181.83,8972.7123,918729.0,,556657.82,503713.0300000003,415015.9699999997,6.218346998951812,0.5181955832459844,47.158150830267935,8.078203696528009,6.937688858233061
2022-2023,68,462330.82999999996,455983.27999999997,0.0,6347.55,32390.93,11826.949999999999,418112.95,386.0,531755.1999999987,542403.5999999987,519080.53999999864,0.0,4556.570000000001,49813.79999999997,8973.337000000036,971089.0,,476081.31,545505.6799999987,425583.32000000135,5.7131426264739895,0.4760952188728324,59.259470584911334,9.367806840440881,7.006006932308625
2023-2024,68,485169.76,479564.56,0.0,5605.199999999999,37367.04,11476.71,436326.01,380.0,574598.8400000005,583228.9199999964,556433.3100000005,0.0,4828.400000000001,57804.58999999997,8938.195499999978,900221.0,,462330.82999999996,551759.9100000005,348461.0899999995,6.467342041565349,0.5389451701304457,64.28577669844007,10.05999072326702,7.701848524112467
2024-2025,68,483375.39,477538.25,0.0,5837.139999999999,37514.159999999996,11572.85,434288.38,373.0,542191.3999999999,546422.2100000009,526746.49,0.0,3486.22,44524.00999999999,8894.80850000005,880468.0,,485169.76,543985.7699999999,336482.2300000001,6.587978983904016,0.5489982486586679,60.95593851177311,8.211862084127485,7.76087504165241
2019-2020,69,375887.46000000037,356802.21000000025,5427.040000000001,13658.21,10577.61,325333.02000000025,39976.83000000001,1180.0,618179.26,649718.43,602212.5499999999,4054.9399999999996,11789.47,20184.940000000002,15726.027999999998,817547.0,,,,,5.5172968893531555,0.45977474077942965,39.30930683831925,3.265224394619774,2.814036413984119
2020-2021,69,345965.29,325611.15,5732.29,14621.849999999999,11088.55,292924.79000000004,41951.95,1155.0,744394.6100000001,788999.6400000001,722021.1100000001,5377.490000000001,16576.670000000002,24816.809999999998,15354.964300000001,973843.0,,375887.46000000037,774316.7800000005,199526.2199999995,4.263093209069634,0.3552577674224695,48.47908438315288,3.333824515467676,3.2051047664348062
2021-2022,69,259181.47999999998,241931.55,5954.36,11295.57,8620.18,215808.26999999996,34753.03,1139.0,592093.3000000002,619039.5500000002,575654.8100000002,4349.74,11685.71,16981.04,15158.745400000003,879914.0,,345965.29,678877.1100000001,201036.8899999999,3.5346383396559204,0.2945531949713267,39.05951873827237,2.8679669234561507,3.325924367744177
2022-2023,69,253164.15,232399.32,5485.21,15279.62,7496.69,209287.11000000002,36380.35,1069.0,639627.8700000008,670810.9800000008,619156.0900000008,4328.990000000001,14288.55,15848.380000000001,14971.787900000045,810623.0,,259181.47999999998,645645.2000000008,164977.79999999923,3.747697511666952,0.31230812597224605,42.72221021779229,2.477750070521471,2.961197310124676
2023-2024,69,395486.95,373183.47,6411.5599999999995,15891.920000000002,9246.26,334179.94,52060.75,1109.0,745009.3800000008,789866.3300000015,713739.3900000007,5123.83,17373.120000000003,16646.170000000002,14842.372100000035,734690.0,,253164.15,602686.5800000008,132003.41999999923,6.459654275953124,0.5383045229960937,50.194765026811254,2.2343571029937883,2.337943135671101
2024-2025,69,408738.16,385885.26,6574.620000000001,16278.279999999999,9153.94,342942.05,56642.170000000006,1072.0,602816.7799999989,639394.860000002,586344.8299999989,4352.379999999999,12040.68,14692.360000000006,14624.422899999996,728684.0,,395486.95,589565.5699999989,139118.4300000011,6.731117905703981,0.5609264921419984,41.21986789646236,2.4372845095652504,2.2395608963939164
2019-2020,70,5954.480000000001,0.0,4480.47,1474.01,86.69999999999999,2959.58,2908.2000000000003,9.0,2075.08,2116.2799999999997,0.0,1773.1800000000003,301.9,118.10000000000001,84.1807,2452.0,,,,,29.141011419249597,2.4284176182708,24.65030583019623,5.691346839639918,1.4560465397482225
2020-2021,70,6667.59,0.0,4905.639999999999,1761.95,143.16,3103.4399999999996,3420.99,8.0,3424.6,3455.91,0.0,2718.31,706.2900000000001,274.85,84.2307,2407.0,,5954.480000000001,2711.4900000000016,-304.4900000000016,33.24099709181554,2.7700830909846283,40.657385015202294,8.025754832681189,2.147102626286259
2021-2022,70,4838.079999999999,0.0,3387.58,1450.5,34.33,2267.81,2535.94,8.0,1087.74,1104.74,0.0,840.0,247.74,35.5,84.56370000000001,2864.0,,6667.59,2917.250000000001,-53.25000000000091,20.271284916201115,1.6892737430167595,12.86296602442892,3.263647562836707,0.7095790065480523
2022-2023,70,5342.59,0.0,3702.35,1640.24,54.199999999999996,2513.0699999999997,2775.3199999999997,9.0,3529.99,3580.04,0.0,2733.1,796.89,190.95,86.88589999999999,2767.0,,4838.079999999999,3025.4799999999996,-258.47999999999956,23.169887965305385,1.9308239971087822,40.627880933500144,5.40936376590302,1.0144892271351533
2023-2024,70,7318.449999999999,0.0,5095.219999999999,2223.23,203.49,3390.1,3724.86,8.0,5150.349999999999,5207.349999999999,0.0,3888.4,1261.95,299.2,86.26100000000001,2589.0,,5342.59,3174.49,-585.4899999999998,33.920973348783306,2.826747779065276,59.70658814528001,5.809313930121254,2.7805068013035554
2024-2025,70,5964.130000000001,0.0,4188.35,1775.7800000000002,141.97,2762.41,3059.75,7.0,1533.89,1552.19,0.0,1305.4,228.48999999999998,130.0,82.41529999999999,2785.0,,7318.449999999999,2888.2099999999973,-103.20999999999731,25.698226211849196,2.141518850987433,18.611714087068787,8.475184009283586,2.3803974762454874
2019-2020,71,473522.7599999999,466007.7599999999,654.47,6860.529999999999,5562.919999999999,147700.67999999985,320259.16000000003,733.0,531985.4800000003,543680.5300000004,529027.1800000004,518.89,2162.93,3581.1699999999996,13089.4792,1316592.0,,,,,4.315895220387181,0.35965793503226506,40.642218981485556,0.6731706286419692,1.1747946392270565
2020-2021,71,493800.0900000001,485442.77,951.24,7406.08,7196.290000000001,147161.59,339442.21,740.0,740515.1699999999,761969.3099999999,716257.79,740.71,5738.99,3595.27,13167.600400000001,1107187.0,,473522.7599999999,720237.8399999996,386949.1600000004,5.351942427069683,0.4459952022558069,56.23767030475802,0.4855092975340398,1.4573286124755465
2021-2022,71,339655.50000000006,332651.5,813.08,6190.92,5573.06,103997.64,230084.80000000002,705.0,454381.84,463459.01,446797.85000000003,435.90999999999997,7137.93,1697.0300000000002,13235.628699999997,953437.0,,493800.0900000001,608526.4300000002,344910.56999999983,4.27491905600475,0.35624325466706247,34.33020450324359,0.3734810352455987,1.6407978083675958
2022-2023,71,416801.74999999994,409956.91,741.06,6103.780000000001,5656.99,117850.23,293294.52999999997,648.0,766567.0899999986,787477.6899999987,728427.6299999985,647.9199999999998,11897.49,2651.6099999999997,13228.9083,949715.0,,339655.50000000006,689420.8399999987,260294.1600000013,5.266444143769445,0.4388703453141205,57.94636054737779,0.34590710122971813,1.3572375835754051
2023-2024,71,585945.1400000001,577471.5700000001,1053.33,7420.240000000001,6143.28,155913.56000000003,423888.3,688.0,833012.4600000001,863363.9099999997,771907.7100000002,803.74,16164.450000000004,3088.3799999999997,13274.605700000013,811678.0,,416801.74999999994,663869.0699999998,147808.93000000017,8.662723000993006,0.7218935834160839,62.75233169449238,0.3707483559129475,1.0484394494679141
2024-2025,71,559089.22,551310.01,893.23,6885.98,4789.9800000000005,134585.94,419713.3,662.0,598182.4200000013,612857.6300000021,582950.7300000013,475.69000000000005,10525.770000000004,1915.6600000000003,13332.233200000028,936801.0,,585945.1400000001,625038.3400000015,311762.6599999985,7.161681765924673,0.5968068138270561,44.86738350781324,0.3202467902684262,0.8567469785949371
2019-2020,72,9189.939999999999,5725.98,1001.0800000000002,2462.8799999999997,673.77,2561.1800000000003,5954.989999999999,44.0,3086.6700000000005,3176.8600000000006,2302.6800000000003,143.45,640.54,358.92,218.3344,5052.0,,,,,21.828836104513062,1.8190696753760884,14.137350779354975,11.62806519647387,7.331603906010269
2020-2021,72,9881.619999999999,6383.0,970.78,2527.84,637.94,2516.32,6727.360000000001,40.0,6332.91,6513.03,4636.429999999999,293.25,1403.23,450.12,276.6102,5366.0,,9189.939999999999,5641.23,-275.22999999999956,22.09829295564666,1.8415244129705552,22.894708871907106,7.107632983888923,6.455824045045247
2021-2022,72,7414.6900000000005,4516.85,764.4,2133.44,381.96000000000004,2183.1,4849.63,35.0,4891.250000000001,5063.250000000001,3582.2700000000004,316.25,992.73,603.8399999999999,208.61210000000003,6017.0,,9881.619999999999,7358.1799999999985,-1341.1799999999985,14.787482133953798,1.2322901778294832,23.446626537962086,12.345310503450033,5.151395405606977
2022-2023,72,10846.119999999999,6648.89,1084.17,3113.06,827.3299999999999,3333.63,6685.16,39.0,8840.009999999998,9106.549999999997,5923.59,749.0999999999999,2167.32,1084.25,215.23499999999996,6269.0,,7414.6900000000005,5408.58,860.4200000000001,20.76143563566757,1.7301196363056308,41.071433549376266,12.26525761848686,7.627889051568672
2023-2024,72,12903.2,8225.67,1117.84,3559.6899999999996,939.71,4013.5299999999997,7949.96,39.0,9741.85,10075.310000000005,6803.85,703.05,2234.9500000000003,932.0999999999999,223.3469,5851.0,,10846.119999999999,7684.77,-1833.7700000000004,26.463578875405915,2.2052982396171594,43.61757427571191,9.567997864881926,7.282767065534131
2024-2025,72,11180.34,7179.299999999999,878.35,3122.69,767.6800000000001,3485.42,6927.24,39.0,4608.95,4742.83,3438.9399999999996,336.09,833.9199999999998,493.22999999999996,220.58600000000004,6359.0,,12903.2,6331.810000000001,27.18999999999869,21.098298474602927,1.7581915395502439,20.894118393733052,10.701569771856931,6.8663385907763095
2019-2020,73,73126.43000000001,66868.68000000001,2882.6400000000003,3375.1099999999997,3931.3500000000004,24779.850000000002,44415.23,177.0,102791.85,104347.35,93140.33,4828.17,4007.08,7118.4800000000005,1846.6084999999998,152092.0,,,,,5.769647055729427,0.48080392131078564,55.66521003233767,6.925140465902696,5.376099995582993
2020-2021,73,87536.88000000002,80233.54,3296.9500000000003,4006.3900000000003,4191.66,29261.86,54083.36,151.0,112527.73999999999,115380.54999999999,93542.11,6281.879999999999,8071.509999999999,7254.91,1847.9779,147254.0,,73126.43000000001,98117.28999999996,49136.710000000036,7.133541771361052,0.5944618142800876,60.892362403251674,6.44721914791855,4.788450308030169
2021-2022,73,59772.22,53111.03,2990.1900000000005,3671.0,2984.5099999999998,20493.190000000002,36294.520000000004,160.0,77494.58000000002,78225.99000000002,67622.62000000001,4277.53,5495.6900000000005,5447.469999999999,1855.7618999999995,178053.0,,87536.88000000002,105259.24000000002,72793.75999999998,4.028388401206382,0.3356990334338652,41.75890236780916,7.029485158833042,4.993138953179253
2022-2023,73,61594.329999999994,54069.67,3341.95,4182.71,5207.08,15714.379999999997,40672.869999999995,157.0,105442.97,107003.91,90185.30999999998,5900.35,7712.85,6061.500000000001,1876.041499999997,145084.0,,59772.22,103620.86000000002,41463.139999999985,5.094510490474483,0.42454254087287363,56.20503064564412,5.748605146459742,8.453830084684743
2023-2024,73,60599.829999999994,53559.9,3302.7099999999996,3737.2200000000003,3332.42,17260.28,40007.13,158.0,105957.04000000005,107117.51999999999,92378.05000000005,5674.0199999999995,6502.259999999999,6436.819999999999,1868.7340999999997,117037.0,,61594.329999999994,106951.54000000007,10085.459999999934,6.213402257405777,0.5177835214504815,56.69990182123828,6.074933765609152,5.499058330691688
2024-2025,73,58547.77,52199.41,3185.6000000000004,3162.7599999999998,2704.75,17881.129999999997,37961.89,154.0,91737.09999999999,92721.01000000001,81547.34,4908.03,4555.550000000001,4712.1,1862.6969000000004,118551.0,,60599.829999999994,93789.16,24761.839999999997,5.926337525621884,0.49386146046849033,49.249612215492476,5.136526007471351,4.619731887311848
2019-2020,74,8077.59,7292.889999999999,558.1800000000001,226.52,145.15999999999997,1028.2099999999998,6904.22,37.0,11497.17,11558.23,6883.950000000001,679.21,3934.01,294.0,238.99689999999998,7605.0,,,,,12.745704142011835,1.0621420118343194,48.10593777576195,2.5571510206424715,1.7970706609273306
2020-2021,74,9071.609999999999,7920.079999999999,718.72,432.81,343.07,1309.86,7418.679999999999,40.0,9827.770000000002,9896.750000000002,5181.33,874.66,3770.7799999999997,349.9,231.8718,7083.0,,8077.59,8833.750000000002,-1750.7500000000018,15.369097839898346,1.2807581533248622,42.38449867556125,3.560319380693686,3.781798379780436
2021-2022,74,5870.670000000001,5014.92,570.11,285.64,113.77,1013.04,4743.860000000001,39.0,7714.969999999999,7735.169999999999,2774.45,470.0,4470.5199999999995,73.2,228.1473,8085.0,,9071.609999999999,10915.909999999996,-2830.909999999996,8.713424860853435,0.7261187384044528,33.81574097085523,0.948804726395566,1.9379389405297858
2022-2023,74,5994.2699999999995,4676.79,866.3699999999999,451.11,113.22999999999999,1130.78,4750.26,35.0,10921.410000000002,10982.140000000001,5089.62,999.43,4832.36,136.7,234.6116,9960.0,,5870.670000000001,10797.810000000001,-837.8100000000013,7.22201204819277,0.6018343373493975,46.55102305256859,1.2516698851155663,1.8889706336217755
2023-2024,74,6319.63,4617.0,1031.88,670.75,147.41,950.5200000000001,5221.7,38.0,10191.08,10248.48,5038.48,791.35,4265.249999999999,128.5,235.14540000000002,7446.0,,5994.2699999999995,9865.719999999998,-2419.7199999999975,10.184738114423851,0.8487281762019877,43.339482720053205,1.260906596749314,2.332573267738776
2024-2025,74,6039.17,4109.5,1115.09,814.5799999999999,109.53999999999999,996.1899999999999,4933.44,37.0,8659.100000000002,8681.320000000002,4654.960000000001,683.1400000000001,3311.0000000000005,105.0,244.57530000000006,7045.0,,6319.63,8939.560000000003,-1894.5600000000031,10.286733853797019,0.8572278211497516,35.404638162561795,1.2125971521289738,1.8138254097831323
2019-2020,75,,,,,,,,,,,,,,,,0.0,,,,,,,,,
2020-2021,75,13.48,0.0,0.0,13.48,1.84,0.0,11.64,1.0,,,,,,,,0.0,,,,,,,,,13.649851632047477
2021-2022,75,,,,,,,,,1.4,1.4,0.0,0.0,1.4,0.0,0.043,0.0,,13.48,,,,,32.55813953488372,0.0,
2022-2023,75,,,,,,,,,,,,,,,,1499.0,,,,,,,,,
2023-2024,75,,,,,,,,,,,,,,,,1445.0,,,,,,,,,
2024-2025,75,,,,,,,,,,,,,,,,683.0,,,,,,,,,
2019-2020,76,14.15,0.0,0.0,14.15,0.0,0.0,14.15,2.0,16.880000000000003,16.880000000000003,0.0,0.0,16.880000000000003,1.0,1.2236,0.0,,,,,,,13.795357960117688,5.924170616113743,0.0
2020-2021,76,31.06,0.0,0.0,31.06,0.0,0.0,31.06,3.0,40.19,41.4,0.0,0.0,40.19,3.0,11.1636,0.0,,14.15,23.279999999999998,-23.279999999999998,,,3.6000931599125727,7.4645434187608855,0.0
2021-2022,76,35.41,0.0,0.0,35.41,0.0,0.0,35.41,3.0,2.8000000000000003,2.8000000000000003,0.0,0.0,2.8000000000000003,0.6,0.89,0.0,,31.06,-1.5499999999999972,1.5499999999999972,,,3.146067415730337,21.428571428571423,0.0
2022-2023,76,36.29,0.0,0.0,36.29,0.0,0.0,36.29,3.0,17.65,17.65,0.0,0.0,17.65,0.0,0.9899999999999999,14.0,,35.41,16.769999999999996,-2.769999999999996,31.10571428571428,2.592142857142857,17.82828282828283,0.0,0.0
2023-2024,76,27.310000000000002,0.0,0.0,27.310000000000002,0.0,0.0,27.310000000000002,3.0,26.509999999999998,26.509999999999998,0.0,0.0,26.509999999999998,0.0,2.4712,10.0,,36.29,35.489999999999995,-25.489999999999995,32.772,2.7310000000000003,10.727581741663968,0.0,0.0
2024-2025,76,17.22,0.0,0.0,17.22,0.0,0.0,17.22,3.0,11.600000000000001,11.9,0.0,0.0,11.600000000000001,0.0,2.4711999999999996,11.0,,27.310000000000002,21.690000000000005,-10.690000000000005,18.785454545454545,1.5654545454545454,4.694075752670768,0.0,0.0
2019-2020,77,23.68,23.68,0.0,0.0,3.32,0.0,20.36,2.0,1901.76,1950.55,1901.76,0.0,0.0,0.0,30.0167,0.0,,,,,,,63.356731419509806,0.0,14.020270270270268
2020-2021,77,811.0600000000001,810.8000000000001,0.0,0.26,39.21,0.0,771.85,3.0,1658.54,1990.31,1630.53,0.0,28.009999999999998,0.0,32.3932,0.0,,23.68,871.16,-871.16,,,51.200251904720744,0.0,4.83441422336202
2021-2022,77,806.9499999999999,795.95,3.3,7.7,40.86,4.6,761.49,5.0,1449.9299999999998,1469.35,1434.28,7.49,8.16,0.0,41.161500000000004,0.0,,811.0600000000001,1454.04,-1454.04,,,35.22539266061732,0.0,5.06351075035628
2022-2023,77,1045.97,919.77,118.71,7.49,44.59,44.71,956.67,8.0,2705.6,2821.21,2539.2999999999997,162.89999999999998,3.4,0.0,43.32840000000001,236.0,,806.9499999999999,2466.58,-2230.58,53.18491525423729,4.432076271186441,62.44403208980713,0.0,4.263028576345402
2023-2024,77,1334.4099999999999,1008.0,319.75,6.66,47.32,121.32,1165.77,12.0,3305.1200000000003,3467.400000000001,2810.57,487.91999999999996,6.63,5.0,52.6587,333.0,,1045.97,3016.6800000000003,-2683.6800000000003,48.08684684684684,4.007237237237237,62.764937227846495,0.15128043762404994,3.5461364947804648
2024-2025,77,1102.45,1001.93,81.16999999999999,19.349999999999998,44.68,46.55,1011.22,9.0,2105.6999999999994,2162.7499999999995,1897.6099999999997,188.18,19.91,2.22,42.2276,405.0,,1334.4099999999999,2337.659999999999,-1932.659999999999,32.66518518518519,2.722098765432099,49.86549081643284,0.10542812366433969,4.0527915098190395
2019-2020,78,,,,,,,,,12.8,13.4,0.0,0.0,12.8,0.0,3.0984,0.0,,,,,,,4.131164471985541,0.0,
2020-2021,78,,,,,,,,,,,,,,,,0.0,,,,,,,,,
2021-2022,78,2.5,0.0,0.0,2.5,0.0,0.5,2.0,3.0,9.219999999999999,10.1,0.0,0.0,9.219999999999999,0.0,0.4995,0.0,,,,,,,18.458458458458455,0.0,0.0
2022-2023,78,10.600000000000001,0.0,0.0,10.6,0.0,3.1,7.5,3.0,112.74,112.85,0.0,60.5,52.24,0.0,3.2995,369.0,,2.5,104.63999999999999,264.36,0.3447154471544716,0.028726287262872633,34.16881345658433,0.0,0.0
2023-2024,78,36.92,0.0,0.0,36.92,0.0,0.0,36.92,4.0,162.91,163.11,0.0,109.5,53.41,0.0,3.2995,524.0,,10.600000000000001,136.58999999999997,387.41,0.845496183206107,0.07045801526717557,49.37414759812093,0.0,0.0
2024-2025,78,24.599999999999998,0.0,0.0,24.599999999999998,0.0,1.9,22.7,3.0,102.48,102.47999999999999,0.0,58.5,43.98,0.0,3.2995,248.0,,36.92,114.80000000000001,133.2,1.1903225806451612,0.09919354838709676,31.059251401727536,0.0,0.0
2019-2020,79,8483.130000000001,6562.56,787.31,1133.26,2576.83,3386.7500000000005,2519.55,35.0,38829.490000000005,39265.600000000006,35960.66,1542.02,1322.26,24451.370000000003,767.4715,27873.0,,,,,3.652192444300937,0.3043493703584114,50.594048117747704,62.97113353793728,30.375934354418703
2020-2021,79,9692.219999999998,7314.8099999999995,963.0699999999999,1414.34,3597.72,3234.4599999999996,2860.04,33.0,47863.40999999999,48558.50999999999,40075.56,2612.4,2797.6400000000003,28913.850000000002,771.3482,29930.0,,8483.130000000001,46654.31999999999,-16724.319999999992,3.8859552288673562,0.32382960240561304,62.051625971253955,60.409089114210644,37.11966917795924
2021-2022,79,6919.58,4968.32,603.51,1347.75,2247.49,2681.6800000000003,1990.41,30.0,38093.97,38599.71,34158.96,2071.8900000000003,1863.12,25005.920000000002,781.3765999999999,28342.0,,9692.219999999998,40866.61,-12524.61,2.929749488391786,0.2441457906993155,48.752381374103095,65.64272508221117,32.480150529367386
2022-2023,79,7242.01,5321.92,637.25,1282.8400000000001,2998.2400000000002,2224.2,2019.5700000000002,33.0,42205.14000000001,42807.840000000004,36602.86,2547.72,2078.84,23749.319999999996,792.5447999999999,27034.0,,6919.58,41882.71000000001,-14848.710000000006,3.2146230672486498,0.2678852556040542,53.252686788179055,56.27115559858347,41.40066086625122
2023-2024,79,15376.039999999999,13121.169999999998,614.3,1640.5700000000002,9024.720000000001,3069.94,3281.38,35.0,52036.34,53179.52000000002,42941.49,2295.41,4315.86,27612.259999999995,808.3872999999996,23536.0,,7242.01,43902.31,-20366.309999999998,7.839585316111489,0.653298776342624,64.37055604411402,53.063416835234754,58.693395698762494
2024-2025,79,12833.1,10486.43,522.96,1823.71,6813.639999999999,2598.63,3420.8300000000004,31.0,45782.14,46794.55000000002,36957.17,2318.6,3804.7700000000004,24177.469999999998,816.3587999999997,29855.0,,15376.039999999999,48325.08,-18470.08,5.158171160609614,0.42984759671746775,56.08090462184032,52.809829335194905,53.09426405155418
2019-2020,80,6.84,0.0,0.0,6.84,0.0,0.0,6.84,1.0,7.279999999999999,7.279999999999999,0.0,0.0,7.279999999999999,0.0,1.0,0.0,,,,,,,7.279999999999999,0.0,0.0
2020-2021,80,44.86,0.0,0.0,44.86,0.0,0.0,44.86,1.0,44.5,46.41,0.0,0.0,44.5,0.0,3.0,0.0,,6.84,6.480000000000004,-6.480000000000004,,,14.833333333333334,0.0,0.0
2021-2022,80,,,,,,,,,94.0,120.0,0.0,0.0,94.0,0.0,5.2,52.0,,44.86,,,,,18.076923076923077,0.0,
2022-2023,80,339.62,0.0,0.0,339.62,48.6,36.63,254.39,2.0,503.29999999999995,503.29999999999995,0.0,0.0,503.29999999999995,48.6,12.398399999999999,77.0,,,,,52.92779220779221,4.410649350649351,40.59394760614273,9.656268627061396,14.310111300865675
2023-2024,80,842.26,0.0,0.0,842.26,105.03,73.38,663.85,2.0,1161.79,1161.79,0.0,0.0,1161.79,65.2,22.259500000000003,228.0,,339.62,659.1499999999999,-431.14999999999986,44.32947368421053,3.694122807017544,52.19299624879264,5.612029712770811,12.470021133616699
2024-2025,80,341.48,0.0,0.0,341.48,0.18,49.6,291.7,1.0,672.83,672.83,0.0,0.0,672.83,23.0,33.393299999999996,850.0,,842.26,1173.6100000000001,-323.6100000000001,4.820894117647059,0.40174117647058827,20.148652574019344,3.418396920470252,0.05271172543047909
2019-2020,81,302147.50999999995,196156.25999999998,55141.8,50849.45,28782.18,221424.37,51940.95999999999,183.0,406871.58,415542.76,125428.17,228474.86,52968.55,93541.79000000001,6513.8781,468560.0,,,,,7.738112771043196,0.6448427309202662,62.46226499080479,22.99049493700199,9.525870327377513
2020-2021,81,309909.08999999997,178497.63,84809.61,46601.85,28882.86,232419.74000000002,48606.490000000005,187.0,441687.4,451554.27,111135.36,264709.24,65842.8,97142.81,6493.3641,495550.0,,302147.50999999995,433925.81999999995,61624.18000000005,7.504609181717282,0.6253840984764403,68.02135121300222,21.993566037881088,9.319784714930435
2021-2022,81,235272.94999999995,153045.54,52946.509999999995,29280.9,20266.63,180085.09,34921.229999999996,174.0,294859.56999999995,301156.5399999999,87945.27,151852.0,55062.3,64233.76,6365.5378,425478.0,,309909.08999999997,369495.70999999996,55982.29000000004,6.635537912653532,0.5529614927211277,46.32123463315228,21.784526105087927,8.614092695314104
2022-2023,81,261018.94000000003,146208.02,78102.91,36708.009999999995,23725.160000000003,195504.78999999998,41788.99,179.0,346255.6199999999,353686.1899999999,103584.75999999998,198861.0499999999,43568.829999999994,61293.529999999984,6273.609899999995,386780.0,,235272.94999999995,320509.6299999998,66270.37000000023,8.098214178602824,0.6748511815502354,55.192405252994796,17.7018152080824,9.089440023011356
2023-2024,81,231694.19,137871.77,61732.94,32089.48,26215.940000000002,163474.37,42003.88,182.0,296578.97,302061.94000000024,96417.20000000004,161430.43999999992,38731.33,55049.3,6180.1838000000025,355351.0,,261018.94000000003,325903.72000000003,29447.27999999997,7.824180261206526,0.6520150217672105,47.98869735880668,18.561430704274144,11.314888819611749
2024-2025,81,241171.06999999998,145252.36,64167.990000000005,31750.72,30228.82,163653.7,47288.55,174.0,297229.54999999993,301935.01,91403.84999999996,163874.76,41950.939999999995,54433.96,6008.084399999999,341188.0,,231694.19,287752.67000000004,53435.32999999996,8.482282026331523,0.7068568355276269,49.47160029909034,18.313778021061502,12.534181649565182
2019-2020,82,53629.45,32755.260000000002,11307.599999999999,9566.589999999998,7634.209999999999,43785.58,2209.66,48.0,72528.87000000001,74573.51000000001,30382.56,33218.32000000001,8927.99,29872.61,1469.582,52820.0,,,,,12.183896251419915,1.0153246876183264,49.3534011712174,41.18719897331917,14.235107762619231
2020-2021,82,63327.31000000001,34141.19,17893.93,11292.19,9059.73,50532.71000000001,3734.87,50.0,95124.27,97917.87000000001,32741.12,51676.23,10706.92,35368.44,1494.0575999999999,55181.0,,53629.45,85426.40999999999,-30245.40999999999,13.77154672804045,1.147628894003371,63.668408768176015,37.18129978816132,14.306197436777273
2021-2022,82,54333.11999999999,32518.91,12773.05,9041.16,6434.870000000001,45962.53,1935.7199999999998,49.0,51433.350000000006,52811.850000000006,20973.21,24085.53,6374.610000000001,21055.15,1441.5255,47775.0,,63327.31000000001,60427.54000000003,-12652.54000000003,13.647251491365774,1.1372709576138145,35.679805872320685,40.93676573662808,11.84336551996278
2022-2023,82,51511.39,30723.12,10996.61,9791.66,7164.02,41623.520000000004,2723.85,48.0,75520.69,77627.83,29725.139999999996,38429.71,7365.839999999999,37232.670000000006,1449.4011,45395.0,,54333.11999999999,78342.42,-32947.42,13.61684502698535,1.1347370855821126,52.104755543513804,49.30128419112697,13.907642562159555
2023-2024,82,39340.700000000004,25329.75,7457.82,6553.13,6331.34,30631.679999999997,2377.68,45.0,43611.619999999995,44771.539999999964,17586.86,20923.659999999996,5101.1,19019.019999999997,1424.3258999999998,37504.0,,51511.39,55782.30999999999,-18278.30999999999,12.587681313993174,1.0489734428327646,30.619130074093295,43.60998284402184,16.093612975874855
2024-2025,82,41410.850000000006,25744.15,7740.24,7926.46,6119.280000000001,32708.74,2582.83,46.0,67379.95000000001,68953.23000000001,22027.8,37784.090000000004,7568.060000000001,31750.7,1388.4523000000004,33627.0,,39340.700000000004,65309.80000000002,-31682.800000000017,14.77771433669373,1.2314761947244774,48.52881874299894,47.12188121243781,14.776996849859398
2019-2020,83,591559.98,442903.6399999999,139574.79,9081.55,387965.26999999984,172739.06999999998,30855.640000000003,542.0,1273634.47,1322535.4,992957.6100000001,269663.66000000003,10566.96,1106274.2600000002,27891.585400000007,1320954.0,157688.0,,,,5.373934111255956,0.44782784260466296,45.66375312605929,86.85963563784516,65.58342063639935
2020-2021,83,617843.8,453701.32999999996,152815.46,11327.01,427374.98,162761.9,27706.920000000002,545.0,1215326.55,1259140.32,931511.13,267839.23000000004,15786.84,1076381.47,27843.339,1526119.0,143923.0,591559.98,1189042.73,337076.27,4.858156932716256,0.40484641105968805,43.64873587898348,88.56726367082163,69.17201078978214
2021-2022,83,601101.01,446449.6,138673.25,15978.16,418649.97,153572.32,28878.72,540.0,1259353.7200000002,1311392.3500000003,972260.43,270928.12000000005,14988.099999999999,1109003.08,27911.8329,1671779.0,170007.0,617843.8,1276096.5100000002,395682.48999999976,4.3146923845795415,0.35955769871496174,45.11899037630023,88.06128591099885,69.64719124328205
2022-2023,83,604322.39,438138.23,151490.24000000002,14693.919999999998,428678.18,146109.57,29534.640000000003,521.0,1351688.5699999998,1414879.4499999997,998018.9,333769.96999999974,16724.42,1177580.2399999998,28279.15230000002,1669807.0,174319.0,601101.01,1348467.19,321339.81000000006,4.342938243761105,0.36191152031342544,47.79805828903856,87.11919787854683,70.93534628098091
2023-2024,83,572778.6799999999,446663.31000000006,109674.24,16441.13,395993.70000000007,138967.76,37817.22,530.0,1151070.7999999996,1214643.8399999985,888740.59,247816.39999999985,13271.8,988772.6299999999,28306.850600000016,1460822.0,158467.0,604322.39,1182614.5099999995,278207.49000000046,4.705120925068214,0.3920934104223512,40.66403628809201,85.90024436376983,69.13555162353461
2024-2025,83,530784.5499999999,396708.75999999995,109219.31,24856.48,345183.52999999997,146888.78999999998,38712.23,513.0,1180963.3299999998,1245053.1699999971,879272.5399999997,286649.1000000002,15041.690000000002,1014845.5299999999,28544.371000000003,1657131.0,151307.0,572778.6799999999,1222957.46,434173.54000000004,3.843639760525872,0.320303313377156,41.37289730434066,85.93370380094699,65.0327011213872
2019-2020,84,1634059.92,1311610.38,283033.67,39415.87000000001,246683.76999999996,1280965.66,106410.48999999999,895.0,1923644.8400000005,1973693.6400000006,1385934.8800000004,486959.25,37914.11,536132.69,46072.29370000001,2432017.0,,,,,8.062739298286154,0.6718949415238462,41.75274737840977,27.870669203157057,15.096372353346746
2020-2021,84,1830651.1,1387953.1,397432.76,45265.240000000005,355745.12000000005,1367859.9300000002,107046.05,882.0,2083077.0899999999,2146058.92,1398838.25,614753.0700000001,55791.57000000001,626005.84,45934.2649,2675251.0,,1634059.92,1886485.9099999997,788765.0900000003,8.211496117560557,0.6842913431300465,45.34908949854556,30.05197661695756,19.432710034151242
2021-2022,84,1552420.9400000004,1215165.1,295719.65,41536.19,274376.63,1198912.9000000001,79131.41,856.0,1583105.84,1625428.0,1169213.94,381020.58999999997,27851.14,389863.88999999996,45806.252700000005,2534130.0,,1830651.1,1861336.0,672794.0,7.35126109552391,0.6126050912936591,34.560911375315364,24.626520864833644,17.674112924552535
2022-2023,84,1780056.08,1362440.51,365271.88,52343.69,289643.44,1389967.7799999998,100444.86000000002,867.0,1957929.8900000004,2013667.7300000002,1328680.5000000002,561542.53,55606.01,474507.1499999999,45256.001300000105,2507598.0,,1552420.9400000004,1730294.750000001,777303.2499999991,8.518380123129784,0.7098650102608154,43.263431009314466,24.235145110328737,16.27159072426527
2023-2024,84,1713132.22,1350174.75,305060.97,57896.5,171276.52000000002,1418316.06,123539.64,876.0,1823573.0899999999,1878775.060000003,1224351.7099999995,517777.8000000004,67591.44999999997,417472.59000000026,45006.250999999866,2562471.0,,1780056.08,1890496.95,671974.05,8.022563627061535,0.6685469689217947,40.51821801376003,22.893109812231344,9.997857608445425
2024-2025,84,1628274.0200000003,1314974.74,259513.65,53785.63,159772.18999999997,1356240.81,112261.01999999999,872.0,1523635.0400000003,1571886.210000007,1090786.5400000005,396467.94,33920.39,382761.30000000005,44747.502700000005,2649456.0,,1713132.22,1608493.24,1040962.76,7.374830244397342,0.6145691870331118,34.04961054955141,25.12158685980338,9.812364997385387
2019-2020,85,23161.9,10719.46,8034.310000000001,4408.13,6074.170000000001,9101.720000000001,7986.01,36.0,27164.38,27963.510000000002,14303.240000000002,9767.69,3093.45,10529.18,885.5274999999999,47809.0,,,,,5.8136083164257775,0.48446735970214816,30.67593044823566,38.760980372090216,26.22483475017162
2020-2021,85,30757.040000000005,13319.869999999999,10869.6,6567.57,8272.5,11708.579999999998,10775.96,37.0,46265.87,47776.76,20597.78,18067.57,7600.52,16128.56,889.9158,52249.0,,23161.9,38670.729999999996,13578.270000000004,7.063952994315682,0.5886627495263068,51.989042109377095,34.860600265379205,26.89628130665369
2021-2022,85,22248.979999999996,10586.58,6563.89,5098.51,5254.8099999999995,7896.49,9097.68,33.0,35684.26,36728.130000000005,16950.59,12908.939999999999,5824.7300000000005,12048.09,885.7736,53028.0,,30757.040000000005,44192.32000000001,8835.679999999993,5.034844987553744,0.41957041562947867,40.28598278386261,33.7630372606858,23.61820631777277
2022-2023,85,25721.45,10089.880000000001,8677.84,6953.73,5871.35,10936.900000000001,8913.2,34.0,36850.369999999995,37791.509999999995,16847.23,14161.029999999999,5842.11,11155.57,947.9668,50323.0,,22248.979999999996,33377.899999999994,16945.100000000006,6.133525425749657,0.5111271188124714,38.873059689432154,30.272613273625204,22.82666801443931
2023-2024,85,34507.670000000006,12113.470000000001,12331.77,10062.43,7597.450000000001,14107.01,12803.210000000001,38.0,49770.83999999999,51205.729999999996,22441.05,16506.559999999998,10823.23,15991.019999999999,964.0186000000001,42220.0,,25721.45,40984.61999999999,1235.380000000012,9.807959261013739,0.8173299384178115,51.62850592301848,32.12929498477422,22.0166994757977
2024-2025,85,24130.81,9858.54,6748.49,7523.780000000001,4842.25,9524.42,9764.14,34.0,25526.710000000003,26184.749999999993,11898.76,8734.15,4893.8,7762.599999999999,881.1037000000001,44916.0,,34507.670000000006,35903.57000000001,9012.429999999993,6.446916911568261,0.5372430759640218,28.97128907755126,30.40971594067547,20.066669954303233
2019-2020,86,9959.140000000001,5306.23,2000.5599999999997,2652.35,2013.07,4013.6199999999994,3932.45,49.0,51224.65,51800.6,30992.410000000003,17916.91,2224.7400000000002,12762.170000000002,1111.3058,26188.0,,,,,4.563528333587903,0.38029402779899196,46.09410839032785,24.914118495685187,20.213291509106206
2020-2021,86,10722.450000000003,5570.84,2149.86,3001.75,2214.5,4340.44,4167.51,54.0,67618.89,68566.28,31828.75,27600.700000000004,7424.139999999999,17195.71,1139.0777,24516.0,,9959.140000000001,66855.58,-42339.58,5.248384728340676,0.43736539402838975,59.362842411891656,25.430334629864525,20.652929134666046
2021-2022,86,9599.7,5807.87,1565.8,2226.0299999999997,1453.83,4893.12,3252.75,50.0,60239.649999999994,60986.159999999996,33440.619999999995,24234.029999999995,2565.0,16841.100000000002,1175.7404999999999,24286.0,,10722.450000000003,61362.399999999994,-37076.399999999994,4.743325372642675,0.3952771143868896,51.235497969152206,27.956835738587465,15.14453576674271
2022-2023,86,8289.73,4859.86,1443.0,1986.87,1312.0,4003.04,2974.69,46.0,49872.33,50353.380000000005,25972.359999999997,21183.51000000001,2691.5600000000004,10615.510000000002,1161.9672999999998,20307.0,,9599.7,51182.3,-30875.300000000003,4.898643817402866,0.40822031811690546,42.920596818860574,21.28537006392122,15.826812212219215
2023-2024,86,10762.18,6671.35,1648.7,2442.13,1989.21,4323.4,4449.57,39.0,81817.88999999998,82753.61,36820.94,30459.370000000003,14030.300000000003,15059.24,1162.8252999999997,19483.0,,8289.73,79345.43999999997,-59862.43999999997,6.6286588307755485,0.5523882358979624,70.3612915886849,18.40580342514333,18.483337019079777
2024-2025,86,12605.380000000001,6355.04,2563.21,3687.13,2534.9300000000003,5057.22,5013.23,47.0,59272.799999999996,59845.50000000004,31429.670000000006,17403.729999999996,9856.89,12457.859999999997,1130.7833000000005,21443.0,,10762.18,57429.59999999999,-35986.59999999999,7.054262929627384,0.5878552441356154,52.41747026154345,21.017836174434137,20.109905453068453
2019-2020,87,64.18,0.0,64.18,0.0,49.08,14.21,0.89,1.0,45.45,50.150000000000006,0.0,34.25,11.2,14.0,7.638599999999999,18.0,,,,,42.78666666666667,3.565555555555556,5.950043201633808,30.8030803080308,76.4724213150514
2020-2021,87,42.99,0.0,40.81,2.18,6.52,26.67,9.8,1.0,124.60000000000001,138.20000000000002,0.0,100.9,23.7,33.5,6.959300000000001,112.0,,64.18,145.79000000000002,-33.79000000000002,4.606071428571428,0.3838392857142857,17.904099550242123,26.886035313001607,15.16631774831356
2021-2022,87,0.0,0.0,0.0,0.0,0.0,0.0,0.0,1.0,61.5,66.8,0.0,57.5,4.0,24.0,7.6386,0.0,,42.99,104.49000000000001,-104.49000000000001,,,8.051213573167857,39.02439024390244,
2022-2023,87,0.0,0.0,0.0,0.0,0.0,0.0,0.0,1.0,200.0,212.0,0.0,155.0,45.0,30.0,6.959300000000001,158.0,,0.0,200.0,-42.0,0.0,0.0,28.73852255255557,15.0,
2023-2024,87,0.0,0.0,0.0,0.0,0.0,0.0,0.0,1.0,231.3,248.8,0.0,225.8,5.5,43.0,6.959300000000001,227.0,,0.0,231.3,-4.300000000000011,0.0,0.0,33.23610133203052,18.59057501080847,
2024-2025,87,3.0,0.0,3.0,0.0,3.0,0.0,0.0,1.0,23.0,27.9,0.0,23.0,0.0,23.0,6.279999999999999,9.0,,0.0,20.0,-11.0,4.0,0.3333333333333333,3.6624203821656054,100.0,100.0
2019-2020,88,90.53,0.0,0.0,90.53,0.0,90.53,0.0,3.0,131.95000000000002,132.05,0.0,0.0,131.95000000000002,1.3,3.9997,0.0,,,,,,,32.98997424806861,0.9852216748768471,0.0
2020-2021,88,98.35,0.0,0.0,98.35,0.0,98.35,0.0,1.0,166.18,166.58,0.0,0.0,166.18,0.0,4.5867,0.0,,90.53,158.36000000000004,-158.36000000000004,,,36.230841345629756,0.0,0.0
2021-2022,88,0.0,0.0,0.0,0.0,0.0,0.0,0.0,1.0,47.64,48.04,0.0,0.0,47.64,0.0,4.5367,0.0,,98.35,145.99,-145.99,,,10.501024974100117,0.0,
2022-2023,88,0.0,0.0,0.0,0.0,0.0,0.0,0.0,3.0,174.99,175.59,0.0,0.0,174.99,0.0,4.796099999999999,118.0,,0.0,174.99,-56.99000000000001,0.0,0.0,36.48589478951649,0.0,
2023-2024,88,75.25,0.0,0.0,75.25,0.0,75.25,0.0,4.0,120.45,120.95000000000003,0.0,0.0,120.45,0.0,5.649000000000001,114.0,,0.0,45.2,68.8,7.921052631578948,0.6600877192982456,21.322357939458307,0.0,0.0
2024-2025,88,44.02,0.0,0.0,44.02,0.0,44.02,0.0,2.0,79.38000000000001,79.38000000000001,0.0,0.0,79.38000000000001,0.0,5.5126,95.0,,75.25,110.60999999999999,-15.609999999999985,5.560421052631579,0.4633684210526316,14.399738780248887,0.0,0.0
2019-2020,89,340422.0799999998,338907.92999999976,488.24,1025.9099999999999,2225.07,36376.14999999999,301820.8599999998,427.0,354820.72999999986,357064.09999999986,350795.1799999998,513.2,907.29,2308.65,7885.683399999997,629344.0,,,,,6.490988966288702,0.5409157471907252,44.995558660140986,0.650652514017431,0.6536209402163343
2020-2021,89,272305.12999999995,271068.83999999997,343.3,892.99,1946.31,26465.4,243893.42,408.0,407486.59,411015.05000000005,396050.91,693.84,914.0799999999999,1878.81,8151.3351999999995,593170.0,,340422.0799999998,475603.53999999986,117566.46000000014,5.508811234553331,0.45906760287944426,49.99016480146713,0.46107284168541596,0.7147533357157099
2021-2022,89,204814.21000000002,203676.81,266.44,870.96,1259.2400000000002,22280.319999999996,181274.65,418.0,232677.91999999993,234453.56999999992,231796.85999999996,199.6,681.4599999999999,923.6700000000001,8206.931599999994,497784.0,,272305.12999999995,300168.83999999985,197615.16000000015,4.937423701846584,0.41145197515388204,28.35139018339084,0.396973636346758,0.6148206220652366
2022-2023,89,283453.87000000005,281748.86,403.62,1301.3899999999999,3394.97,34634.369999999995,245424.53,418.0,507456.78000000044,517778.9400000004,465430.6800000004,829.0,1629.92,2647.6600000000003,8299.386700000003,554443.0,,204814.21000000002,428817.1200000004,125625.8799999996,6.1348893213549465,0.5112407767795789,61.14388910207067,0.5217508375787191,1.1977151696676427
2023-2024,89,371720.02000000014,369172.43,448.63,2098.96,2349.1699999999996,46914.950000000004,322455.9,409.0,564874.6999999997,600141.9800000016,494596.71999999974,1374.69,2493.2300000000005,2748.45,8438.884899999997,539808.0,,283453.87000000005,476608.5499999997,63199.4500000003,8.263382980615333,0.6886152483846111,66.93712578068222,0.48655923163136905,0.6319729564202646
2024-2025,89,273540.27,271167.72000000003,771.73,1600.8200000000002,1609.54,32827.75,239102.98,408.0,254048.1,256047.21999999956,250936.99000000002,628.9,457.19,618.3900000000001,8364.967100000013,573138.0,,371720.02000000014,352227.8500000001,220910.1499999999,5.727212713168557,0.4772677260973797,30.37048406323076,0.2434145344916967,0.5884106204910888
2019-2020,90,,,,,,,,,,,,,,,,0.0,,,,,,,,,
2020-2021,90,,,,,,,,,,,,,,,,0.0,,,,,,,,,
2021-2022,90,,,,,,,,,,,,,,,,0.0,,,,,,,,,
2022-2023,90,,,,,,,,,,,,,,,,0.0,,,,,,,,,
2023-2024,90,,,,,,,,,,,,,,,,0.0,,,,,,,,,
2024-2025,90,,,,,,,,,,,,,,,,0.0,,,,,,,,,
2019-2020,91,,,,,,,,,,,,,,,,0.0,,,,,,,,,
2020-2021,91,,,,,,,,,,,,,,,,0.0,,,,,,,,,
2021-2022,91,,,,,,,,,2.75,2.75,0.0,0.0,2.75,0.0,3.4026,0.0,,,,,,,0.8082054899194733,0.0,
2022-2023,91,,,,,,,,,138.0,138.0,0.0,138.0,0.0,0.0,4.0202,44.0,,,,,,,34.32665041540222,0.0,
2023-2024,91,1.03,0.0,0.0,1.03,0.0,1.03,0.0,1.0,340.04999999999995,340.05000000000007,0.0,298.29999999999995,41.75,0.0,11.509199999999998,8.0,,,,,1.5450000000000002,0.12875,29.545928474611618,0.0,0.0
2024-2025,91,2.9699999999999998,0.0,0.0,2.9699999999999998,0.0,1.03,1.94,3.0,372.6,372.6,0.0,286.6,86.0,0.0,11.509199999999998,0.0,,1.03,370.65999999999997,-370.65999999999997,,,32.37410071942447,0.0,0.0
2019-2020,92,0.0,0.0,0.0,0.0,0.0,0.0,0.0,1.0,,,,,,,,0.0,,,,,,,,,
2020-2021,92,,,,,,,,,25.3,25.3,0.0,0.0,25.3,0.0,0.73,0.0,,0.0,,,,,34.657534246575345,0.0,
2021-2022,92,3.64,0.0,0.0,3.64,0.0,0.0,3.64,1.0,7.2,7.3,0.0,0.0,7.2,0.0,1.077,0.0,,,,,,,6.685236768802229,0.0,0.0
2022-2023,92,3.18,0.0,0.0,3.18,0.0,0.0,3.18,2.0,46.2,46.7,0.0,1.2,45.0,0.0,1.1794,412.0,,3.64,46.660000000000004,365.34,0.09262135922330098,0.007718446601941748,39.1724605731728,0.0,0.0
2023-2024,92,109.72,0.0,44.31,65.41,0.0,0.0,109.72,4.0,25.0,25.200000000000003,0.0,11.3,13.7,0.0,2.1024,81.0,,3.18,-81.53999999999999,162.54,16.254814814814814,1.354567901234568,11.89117199391172,0.0,0.0
2024-2025,92,96.13,0.0,52.32,43.81,0.0,0.0,96.13,4.0,3.8,3.8,0.0,3.8,0.0,0.0,1.2308,132.0,,109.72,17.39,114.61,8.739090909090908,0.7282575757575758,3.0874228144296394,0.0,0.0
2019-2020,93,5.4,0.0,0.0,5.4,0.0,0.7,4.7,1.0,,,,,,,,0.0,,,,,,,,,0.0
2020-2021,93,83.65,0.0,0.0,83.65,0.0,33.63,50.02,2.0,108.0,108.0,0.0,0.0,108.0,0.0,10.0484,0.0,,5.4,29.75,-29.75,,,10.747979777875084,0.0,0.0
2021-2022,93,,,,,,,,,142.9,143.0,0.0,139.0,3.9,0.0,10.476400000000002,0.0,,83.65,,,,,13.640181741819708,0.0,
2022-2023,93,2.4,0.0,2.4,0.0,0.0,0.0,2.4,1.0,438.65,439.5,0.0,436.45,2.2,0.0,10.4821,102.0,,,,,0.2823529411764706,0.023529411764705882,41.847530552084024,0.0,0.0
2023-2024,93,18.619999999999997,0.0,18.619999999999997,0.0,0.0,9.53,9.09,2.0,475.87,477.12999999999994,0.0,474.52,1.35,0.0,18.8201,25.0,,2.4,459.65,-434.65,8.937599999999998,0.7447999999999999,25.28520039744741,0.0,0.0
2024-2025,93,16.16,0.0,16.16,0.0,0.0,7.07,9.09,2.0,78.55,80.44,0.0,76.75,1.8,0.0,22.6188,8.0,,18.619999999999997,81.00999999999999,-73.00999999999999,24.240000000000002,2.02,3.4727748598510972,0.0,0.0
2019-2020,94,,,,,,,,,,,,,,,,0.0,,,,,,,,,
2020-2021,94,4.33,0.0,0.0,4.33,0.0,0.0,4.33,1.0,,,,,,,,0.0,,,,,,,,,0.0
2021-2022,94,2.48,0.0,0.0,2.48,0.0,0.0,2.48,1.0,1.1,1.1,0.0,0.0,1.1,0.0,0.0656,0.0,,4.33,2.9499999999999997,-2.9499999999999997,,,16.76829268292683,0.0,0.0
2022-2023,94,4.25,0.0,0.0,4.25,0.0,0.0,4.25,1.0,19.869999999999997,19.869999999999997,0.0,0.0,19.869999999999997,0.0,0.25470000000000004,3.0,,2.48,18.099999999999998,-15.099999999999998,17.0,1.4166666666666667,78.013349038084,0.0,0.0
2023-2024,94,0.0,0.0,0.0,19.2,0.0,0.0,19.2,2.0,18.65,18.65,0.0,0.0,18.65,0.0,0.2547,9.0,,4.25,22.9,-13.899999999999999,0.0,0.0,73.22340007852375,0.0,
2024-2025,94,11.290000000000001,0.0,0.0,11.290000000000001,0.0,0.0,11.290000000000001,2.0,4.15,4.15,0.0,0.0,4.15,0.0,0.2316,33.0,,0.0,-7.140000000000001,40.14,4.1054545454545455,0.34212121212121216,17.91882556131261,0.0,0.0
2019-2020,95,,,,,,,,,,,,,,,,0.0,,,,,,,,,
2020-2021,95,26.16,0.0,0.0,26.16,0.22,24.79,1.15,1.0,,,,,,,,0.0,,,,,,,,,0.8409785932721712
2021-2022,95,15.6,0.0,0.0,15.6,0.0,14.59,1.01,1.0,0.0,0.0,0.0,0.0,0.0,0.0,1.4,0.0,,26.16,10.56,-10.56,,,0.0,,0.0
2022-2023,95,47.16,0.0,0.0,47.16,0.0,21.32,25.84,3.0,5.3,5.3999999999999995,0.0,0.0,5.3,0.0,0.574,2.0,,15.6,-26.259999999999998,28.259999999999998,282.96,23.58,9.233449477351916,0.0,0.0
2023-2024,95,0.0,0.0,2.24,72.22,0.0,34.56,39.900000000000006,7.0,25.72,27.91,0.0,14.35,11.370000000000001,0.0,1.1326999999999998,0.0,,47.16,72.88,-72.88,,,22.70680674494571,0.0,
2024-2025,95,85.36,0.0,2.0,83.36,0.0,3.3,82.06,3.0,162.03,164.85,0.0,13.95,148.08,0.0,10.586699999999999,0.0,,0.0,76.67,-76.67,,,15.3050525659554,0.0,0.0
