campagne,harvest_year,dept_code,dept_name,nb_declarations,superficie_totale_ha,prod_aop_blanc,prod_aop_rouge,prod_aop_rose,prod_igp_blanc,prod_igp_rouge,prod_igp_rose,prod_vsig_blanc,prod_vsig_rouge,prod_vsig_rose,prod_commercialisable,prod_total,prod_aop_total,prod_igp_total,prod_vsig_total,prod_rose_total
2019-2020,2019,01,01 AIN,182.0,732.9736,11274.929999999998,3146.1800000000003,10408.73,840.71,170.89,160.72000000000003,4674.71,1884.2800000000002,3480.31,36041.45999999999,36432.80999999999,24829.839999999997,1172.3200000000002,10039.3,14049.759999999998
2019-2020,2019,02,02 AISNE,829.0,2390.597,155564.46,0.0,0.0,0.0,0.0,0.0,408.93,0.0,59.32,156032.71,166844.69999999998,155564.46,0.0,468.25,59.32
2019-2020,2019,03,03 ALLIER,61.0,602.5896,4296.91,8219.93,2225.51,350.6,242.08999999999997,35.0,306.15999999999997,160.35,148.3,15984.85,16330.25,14742.35,627.69,614.81,2408.8100000000004
2019-2020,2019,04,04 ALPES DE HAUTES-PROVENCE,65.0,714.8342,1803.75,3095.9399999999996,8445.81,3059.89,4047.33,12765.529999999999,256.27,804.0,1760.5,36039.02,37282.88,13345.5,19872.75,2820.77,22971.839999999997
2019-2020,2019,05,05 HAUTES-ALPES,64.0,114.3341,0.0,0.0,0.0,1409.17,2115.67,1406.05,75.36999999999999,0.0,0.0,5006.26,5149.0,0.0,4930.89,75.36999999999999,1406.05
2019-2020,2019,06,06 ALPES-MARITIMES,18.0,81.57990000000001,504.84,630.24,218.05,184.15,462.6,99.8,0.0,5.7,0.0,2105.38,2137.28,1353.1299999999999,746.55,5.7,317.85
2019-2020,2019,07,07 ARDECHE,1401.0,10231.055300000002,10374.890000000001,93708.59,4654.74,71872.81,182164.96000000002,127983.95000000001,10062.970000000001,7820.01,559.3100000000001,509572.01000000007,522095.12000000005,108738.22,382021.72000000003,18442.290000000005,133198.0
2019-2020,2019,09,09 ARIEGE,14.0,67.5211,0.0,0.0,0.0,201.28,1549.9,265.5,6.3,157.74,0.0,2180.7200000000003,2233.9500000000003,0.0,2016.68,164.04000000000002,265.5
2019-2020,2019,10,10 AUBE,2600.0,7121.1472,472937.56,0.0,0.0,0.0,0.0,0.0,3.8,0.0,0.0,472941.36,501569.64,472937.56,0.0,3.8,0.0
2019-2020,2019,11,11 AUDE,5009.0,64597.4012,116251.2,523910.66,88318.37,599204.42,1821097.7100000002,393433.1700000001,49528.45999999999,170997.12,25305.930000000004,3788256.22,3857267.5500000003,728480.23,2813735.3000000003,245831.50999999998,507057.4700000001
2019-2020,2019,12,12 AVEYRON,108.0,386.92599999999993,272.1,7126.070000000001,1397.1499999999999,417.24,1205.64,365.62,54.879999999999995,483.75,52.72,11375.17,11718.01,8795.320000000002,1988.5,591.35,1815.49
2019-2020,2019,13,13 BOUCHES-DU-RHONE,1041.0,10789.092300000002,21181.420000000002,26217.850000000002,293009.74,15696.720000000003,36378.52,194209.3,899.15,2309.37,748.96,590684.3,612564.28,340409.01,246284.53999999998,3957.48,487968.0
2019-2020,2019,14,14 CALVADOS,1.0,6.6000000000000005,0.0,0.0,0.0,132.3,94.25,0.0,1.75,0.0,0.0,228.3,234.20000000000002,0.0,226.55,1.75,0.0
2019-2020,2019,15,15 CANTAL,5.0,8.442599999999999,12.5,36.4,9.5,15.2,16.0,0.0,0.0,0.0,0.0,89.6,95.1,58.4,31.2,0.0,9.5
2019-2020,2019,16,16 CHARENTE,1858.0,40823.3295,2291.79,0.0,2319.41,3654.2599999999998,10763.869999999999,709.0,7008.630000000001,5653.68,1184.5,3779528.4299999997,3782447.4999999995,4611.2,15127.13,13846.810000000001,4212.91
2019-2020,2019,17,17 CHARENTE-MARITIME,2360.0,40809.1176,15893.52,884.9100000000001,22025.940000000002,23487.509999999995,32684.329999999998,8268.9,25811.82,10568.4,1732.5,4083474.8600000003,4088789.3200000003,38804.37,64440.74,38112.72,32027.340000000004
2019-2020,2019,18,18 CHER,440.0,4301.476500000001,198339.56,28792.719999999998,12157.22,1642.76,412.8,379.55,344.9,345.4,226.35000000000002,242967.46999999997,244211.62999999998,239289.5,2435.11,916.65,12763.119999999999
2019-2020,2019,19,19 CORREZE,39.0,76.9255,284.0,135.0,0.0,215.81,653.44,293.81,6.5,97.02,46.8,1732.3799999999999,1735.4799999999998,419.0,1163.06,150.32,340.61
2019-2020,2019,21,21 COTE-D'OR,1387.0,11182.921599999998,136636.50999999986,210804.82000000015,1288.94,278.9,187.42000000000002,6.3,675.63,619.24,38.94,350658.05,354338.02999999997,348730.27,472.62,1333.81,1334.18
2019-2020,2019,23,23 CREUSE,1.0,1.0002,0.0,0.0,0.0,0.0,0.0,0.0,3.7,3.0,0.0,6.7,6.7,0.0,0.0,6.7,0.0
2019-2020,2019,24,24 DORDOGNE,641.0,11313.8396,167420.76,171617.28999999995,47102.27,4766.62,11406.679999999998,7459.240000000001,8198.37,7878.61,3993.7799999999997,434882.68999999994,446147.11999999994,386140.31999999995,23632.54,20070.76,58555.28999999999
2019-2020,2019,25,25 DOUBS,9.0,15.9804,0.0,0.0,0.0,163.85,28.0,2.5,61.42,12.940000000000001,0.0,268.71,279.56,0.0,194.35,74.36,2.5
2019-2020,2019,26,26 DROME,1534.0,16099.0615,115689.94999999998,436023.5600000001,37496.5,13825.2,57089.43000000001,44967.43,1190.98,5749.12,1917.02,723528.8300000002,741936.8700000002,589210.0100000001,115882.06,8857.12,84380.95
2019-2020,2019,28,28 EURE-ET-LOIR,1.0,0.0,0.0,0.0,0.0,0.0,0.0,0.0,0.0,0.0,0.0,0.0,0.0,0.0,0.0,0.0,0.0
2019-2020,2019,30,30 GARD,3534.0,53147.61569999997,58211.520000000004,580195.0800000001,140267.96000000002,345782.9100000001,817190.89,776536.5899999999,23751.269999999997,58034.26,27100.039999999997,2829109.07,2902245.1999999997,778674.56,1939510.39,108885.56999999999,943904.5899999999
2019-2020,2019,31,31 HAUTE-GARONNE,93.0,1366.5787,0.0,19504.5,14755.88,545.0,18055.36,15099.03,399.77,5353.4400000000005,531.6,74244.58000000002,76179.06000000001,34260.38,33699.39,6284.810000000001,30386.51
2019-2020,2019,32,32 GERS,981.0,19585.1804,15945.86,54398.66,16873.36,904692.9200000002,85103.07999999999,111667.93999999999,332535.44,7044.46,20591.879999999997,1672046.17,1691710.17,87217.88,1101463.9400000002,360171.78,149133.18
2019-2020,2019,33,33 GIRONDE,5978.0,115323.02020000003,518331.67999999993,4211542.940000001,217693.62,6392.76,11636.41,3627.06,37016.91,69957.35,30187.039999999997,5184541.9,5296319.95,4947568.240000001,21656.23,137161.30000000002,251507.72
2019-2020,2019,34,34 HERAULT,7994.0,81305.7739,134507.47999999998,353460.26,125193.05999999998,933355.9599999997,1667274.3199999994,1175478.5199999998,67123.07,145443.16000000003,49646.34,4651482.169999999,4774508.229999999,613160.7999999999,3776108.799999999,262212.57000000007,1350317.92
2019-2020,2019,36,36 INDRE,56.0,536.4725,9415.25,3776.87,2338.44,3536.5,480.90000000000003,749.49,736.9999999999999,1579.65,1183.3000000000002,23797.4,24122.72,15530.56,4766.89,3499.9500000000003,4271.2300000000005
2019-2020,2019,37,37 INDRE-ET-LOIRE,695.0,9758.950499999999,169008.69000000003,157274.33000000002,29606.04,2688.6499999999996,1716.43,1397.24,14020.74,4892.79,11715.65,394374.19,402392.62,355889.06,5802.32,30629.18,42718.93
2019-2020,2019,38,38 ISERE,94.0,265.1579,6969.349999999999,668.92,184.24,938.3699999999999,1350.7699999999998,153.88,1202.5,327.3,223.97,12104.259999999998,12345.109999999999,7822.509999999999,2443.0199999999995,1753.77,562.09
2019-2020,2019,39,39 JURA,423.0,2049.0751,40253.17,10165.34,1839.0500000000002,153.5,38.5,0.0,507.24,388.71,26.46,53371.969999999994,54030.16999999999,52257.56,192.0,922.4100000000001,1865.5100000000002
2019-2020,2019,40,40 LANDES,205.0,1640.1612999999998,1570.13,6296.0,4627.45,38272.65,7210.0,8705.58,20914.24,432.3,808.0,118808.32,121621.35,12493.58,54188.23,22154.54,14141.029999999999
2019-2020,2019,41,41 LOIR-ET-CHER,399.0,6508.9943,152054.72,31705.14,37403.700000000004,28800.890000000003,5985.989999999999,5127.530000000001,13300.47,6456.369999999999,7386.820000000001,288506.31,293239.52,221163.56,39914.41,27143.659999999996,49918.05
2019-2020,2019,42,42 LOIRE,164.0,986.5101,6712.549999999999,16140.5,1053.76,3795.47,3560.69,1195.31,1148.54,1061.78,952.35,35620.95,36046.67,23906.809999999998,8551.47,3162.6699999999996,3201.4199999999996
2019-2020,2019,43,43 HAUTE-LOIRE,4.0,1.6859000000000002,0.0,0.0,0.0,0.0,0.0,0.0,14.5,19.5,4.8,38.8,38.8,0.0,0.0,38.8,4.8
2019-2020,2019,44,44 LOIRE-ATLANTIQUE,457.0,10468.0282,234118.47,1272.46,1250.08,47082.52,12469.380000000001,22060.479999999996,35235.33,7620.24,27646.5,388755.45999999996,396091.8,236641.00999999998,81612.37999999999,70502.07,50957.06
2019-2020,2019,45,45 LOIRET,14.0,109.2991,1167.74,1256.64,309.9,15.0,0.0,0.0,87.69999999999999,224.33,75.6,3136.91,3251.5699999999997,2734.28,15.0,387.63,385.5
2019-2020,2019,46,46 LOT,321.0,4867.3458,0.0,103940.72,937.3,3567.5200000000004,32139.29,15007.53,289.45,6275.68,1346.83,163602.32,167170.37,104878.02,50714.34,7911.96,17291.66
2019-2020,2019,47,47 LOT-ET-GARONNE,508.0,6057.4398,32153.100000000002,147704.57,57499.52,46809.67,12409.04,11196.190000000002,24904.96,11366.92,5787.599999999999,352533.44999999995,359486.3599999999,237357.19,70414.9,42059.479999999996,74483.31
2019-2020,2019,48,48 LOZERE,4.0,11.895600000000002,0.0,0.0,0.0,77.72,107.24,33.4,10.11,8.18,0.0,236.64999999999998,240.54999999999998,0.0,218.35999999999999,18.29,33.4
2019-2020,2019,49,49 MAINE-ET-LOIRE,953.0,19849.9788,233467.95999999996,120105.65,409710.46,30969.390000000003,7912.040000000001,8138.1,17081.97,11492.36,14416.410000000002,854090.8600000001,869762.3300000001,763284.0700000001,47019.530000000006,42990.740000000005,432264.97
2019-2020,2019,51,51 MARNE,12234.0,21143.0195,1385157.85,0.0,0.0,0.0,0.0,0.0,0.0,0.0,0.0,1385157.85,1583536.3900000001,1385157.85,0.0,0.0,0.0
2019-2020,2019,52,52 HAUTE-MARNE,25.0,92.51929999999999,3231.44,0.0,0.0,679.25,738.8,161.2,287.8,28.0,85.5,5211.99,5604.389999999999,3231.44,1579.25,401.3,246.7
2019-2020,2019,53,53 MAYENNE,1.0,0.6,0.0,0.0,0.0,0.0,0.0,0.0,25.0,0.0,14.0,39.0,39.0,0.0,0.0,39.0,14.0
2019-2020,2019,54,54 MEURTHE-ET-MOSELLE,27.0,107.6807,562.36,624.07,1549.01,0.0,0.0,0.0,649.9,121.11000000000001,329.99,3836.4400000000005,3900.4400000000005,2735.44,0.0,1101.0,1879.0
2019-2020,2019,55,55 MEUSE,8.0,41.1483,0.0,0.0,0.0,822.5799999999999,575.6,213.9,421.61,14.2,198.9,2246.79,2275.97,0.0,1612.08,634.71,412.8
2019-2020,2019,57,57 MOSELLE,26.0,87.1532,1039.55,761.27,142.2,0.0,0.0,0.0,1078.63,127.6,104.85,3254.1,3288.75,1943.02,0.0,1311.08,247.04999999999998
2019-2020,2019,58,58 NIEVRE,153.0,1536.9732,82298.32999999999,1762.37,433.34,2319.2000000000003,1146.0,391.84999999999997,192.67000000000002,75.55,62.4,88681.70999999998,89672.62999999998,84494.03999999998,3857.05,330.62,887.5899999999999
2019-2020,2019,59,59 NORD,1.0,1.8098,0.0,0.0,0.0,0.0,0.0,0.0,13.5,0.0,13.5,27.0,28.7,0.0,0.0,27.0,13.5
2019-2020,2019,62,62 PAS-DE-CALAIS,1.0,0.3,0.0,0.0,0.0,0.0,0.0,0.0,6.3,0.0,0.0,6.3,6.5,0.0,0.0,6.3,0.0
2019-2020,2019,63,63 PUY-DE-DOME,128.0,407.9044,560.24,3130.4599999999996,888.32,322.91999999999996,1815.9299999999998,53.599999999999994,274.78,424.55,214.67,7685.469999999999,7791.969999999999,4579.0199999999995,2192.45,913.9999999999999,1156.5900000000001
2019-2020,2019,64,64 PYRENEES-ATLANTIQUES,501.0,2553.2960999999996,53667.89,33262.42,5490.049999999999,601.5799999999999,1941.3999999999999,89.0,965.5,1430.13,750.71,98198.68000000001,99262.18000000001,92420.36,2631.9799999999996,3146.34,6329.759999999999
2019-2020,2019,65,65 HAUTES-PYRENEES,45.0,243.7646,1238.77,7197.67,366.55,326.25,711.39,435.36,5.7,15.0,5.0,10301.69,10606.79,8802.99,1473.0,25.7,806.9100000000001
2019-2020,2019,66,66 PYRENEES-ORIENTALES,2334.0,20496.160499999998,66875.06,178824.91999999998,102393.32999999999,72946.47,108205.07,64587.04,7319.29,8191.849999999999,3278.98,612622.0099999999,630520.5499999999,348093.30999999994,245738.58000000002,18790.12,170259.35
2019-2020,2019,67,67 BAS-RHIN,1643.0,6720.765900000001,426749.57,4446.83,20285.67,0.0,0.0,0.0,1139.02,149.19,36.0,453354.83,462848.22000000003,451482.07,0.0,1324.21,20321.67
2019-2020,2019,68,68 HAUT-RHIN,2101.0,8971.684500000001,540938.0100000001,6964.99,33139.93,0.0,0.0,0.0,1410.19,2.7,31.61,584534.4700000001,594489.4600000001,581042.9300000002,0.0,1444.5,33171.54
2019-2020,2019,69,69 RHONE,2191.0,15726.027999999998,74588.65000000001,511538.73999999993,16085.16,1262.6699999999998,2299.98,492.28999999999996,2118.97,6063.009999999999,3607.49,618179.26,649718.43,602212.5499999999,4054.9399999999996,11789.47,20184.940000000002
2019-2020,2019,70,70 HAUTE-SAONE,8.0,84.1807,0.0,0.0,0.0,734.58,945.2,93.4,162.6,114.6,24.7,2075.08,2116.2799999999997,0.0,1773.1800000000003,301.9,118.10000000000001
2019-2020,2019,71,71 SAONE-ET-LOIRE,1738.0,13089.4792,357858.5300000004,167965.69000000003,3202.9599999999996,263.99,228.9,26.0,1107.87,702.8499999999999,352.21000000000004,531985.4800000003,543680.5300000004,529027.1800000004,518.89,2162.93,3581.1699999999996
2019-2020,2019,72,72 SARTHE,43.0,218.3344,1555.96,507.4,239.32,36.75,48.4,58.3,249.79000000000002,329.45,61.3,3086.6700000000005,3176.8600000000006,2302.6800000000003,143.45,640.54,358.92
2019-2020,2019,73,73 SAVOIE,320.0,1846.6084999999998,64811.43,22340.390000000003,5988.51,3483.3599999999997,774.0899999999999,570.72,2658.91,788.92,559.25,102791.85,104347.35,93140.33,4828.17,4007.08,7118.4800000000005
2019-2020,2019,74,74 HAUTE-SAVOIE,59.0,238.99689999999998,5936.77,763.6800000000001,183.5,580.21,74.0,25.0,2219.28,1629.23,85.5,11497.17,11558.23,6883.950000000001,679.21,3934.01,294.0
2019-2020,2019,76,76 SEINE-MARITIME,3.0,1.2236,0.0,0.0,0.0,0.0,0.0,0.0,15.88,0.0,1.0,16.880000000000003,16.880000000000003,0.0,0.0,16.880000000000003,1.0
2019-2020,2019,77,77 SEINE-ET-MARNE,10.0,30.0167,1901.76,0.0,0.0,0.0,0.0,0.0,0.0,0.0,0.0,1901.76,1950.55,1901.76,0.0,0.0,0.0
2019-2020,2019,78,78 YVELINES,1.0,3.0984,0.0,0.0,0.0,0.0,0.0,0.0,5.5,7.3,0.0,12.8,13.4,0.0,0.0,12.8,0.0
2019-2020,2019,79,79 DEUX-SEVRES,43.0,767.4715,10100.21,2043.03,23817.420000000002,1006.37,170.45,365.2,854.4,199.10999999999999,268.75,38829.490000000005,39265.600000000006,35960.66,1542.02,1322.26,24451.370000000003
2019-2020,2019,80,80 SOMME,1.0,1.0,0.0,0.0,0.0,0.0,0.0,0.0,5.0,2.28,0.0,7.279999999999999,7.279999999999999,0.0,0.0,7.279999999999999,0.0
2019-2020,2019,81,81 TARN,397.0,6513.8781,31317.84,75052.34,19057.99,52227.28999999999,114397.57,61850.0,14567.38,25767.37,12633.8,406871.58,415542.76,125428.17,228474.86,52968.55,93541.79000000001
2019-2020,2019,82,82 TARN-ET-GARONNE,178.0,1469.582,0.0,18837.39,11545.170000000002,1508.65,16213.150000000001,15496.52,407.0,5690.07,2830.92,72528.87000000001,74573.51000000001,30382.56,33218.32000000001,8927.99,29872.61
2019-2020,2019,83,83 VAR,3150.0,27891.585400000007,37627.090000000004,65337.340000000004,889993.18,19074.19,41186.21,209403.26000000004,1033.21,2655.93,6877.82,1273634.47,1322535.4,992957.6100000001,269663.66000000003,10566.96,1106274.2600000002
2019-2020,2019,84,84 VAUCLUSE,3640.0,46072.29370000001,86894.88,1056564.8500000003,242475.15,55059.079999999994,146725.97,285174.2,7341.87,22088.9,8483.34,1923644.8400000005,1973693.6400000006,1385934.8800000004,486959.25,37914.11,536132.69
2019-2020,2019,85,85 VENDEE,42.0,885.5274999999999,5391.84,3361.42,5549.9800000000005,3107.99,2921.6,3738.1,1135.95,716.4,1241.1,27164.38,27963.510000000002,14303.240000000002,9767.69,3093.45,10529.18
2019-2020,2019,86,86 VIENNE,124.0,1111.3058,18270.25,2895.6799999999994,9826.480000000001,12543.09,3200.9299999999994,2172.8900000000003,438.09000000000003,1023.85,762.8000000000001,51224.65,51800.6,30992.410000000003,17916.91,2224.7400000000002,12762.170000000002
2019-2020,2019,87,87 HAUTE-VIENNE,2.0,7.638599999999999,0.0,0.0,0.0,0.0,20.25,14.0,10.0,1.2,0.0,45.45,50.150000000000006,0.0,34.25,11.2,14.0
2019-2020,2019,88,88 VOSGES,34.0,3.9997,0.0,0.0,0.0,0.0,0.0,0.0,0.0,130.65,1.3,131.95000000000002,132.05,0.0,0.0,131.95000000000002,1.3
2019-2020,2019,89,89 YONNE,810.0,7885.683399999997,322600.16999999987,25989.159999999996,2205.85,298.7,172.0,42.5,512.96,334.03,60.300000000000004,354820.72999999986,357064.09999999986,350795.1799999998,513.2,907.29,2308.65
2020-2021,2020,01,01 AIN,180.0,727.9386000000001,11824.84,3828.19,11398.400000000001,943.04,178.78,211.42000000000002,4433.54,1966.6200000000001,4119.799999999999,38904.630000000005,39520.8,27051.43,1333.24,10519.96,15729.62
2020-2021,2020,02,02 AISNE,818.0,2439.1491,129641.33,0.0,0.0,0.0,0.0,0.0,885.3299999999999,0.0,55.9,130582.56,148379.29,129641.33,0.0,941.2299999999999,55.9
2020-2021,2020,03,03 ALLIER,61.0,612.6073999999999,6568.13,12615.13,2364.95,691.03,255.53,55.0,468.96000000000004,217.1,231.84,23467.669999999995,24011.259999999995,21548.21,1001.56,917.9000000000001,2651.79
2020-2021,2020,04,04 ALPES DE HAUTES-PROVENCE,63.0,697.4043,1774.02,4080.56,6962.8099999999995,3834.25,5019.570000000001,17347.46,426.3,613.2299999999999,2846.43,42904.630000000005,44451.00000000001,12817.39,26201.28,3885.96,27156.699999999997
2020-2021,2020,05,05 HAUTES-ALPES,65.0,117.1988,0.0,31.3,0.0,1791.95,2547.38,1322.29,7.0,0.0,0.0,5699.92,5932.6,31.3,5661.62,7.0,1322.29
2020-2021,2020,06,06 ALPES-MARITIMES,19.0,80.6016,555.25,595.4100000000001,177.58,196.74,376.53,140.9,0.0,5.0,0.0,2047.41,2074.21,1328.24,714.17,5.0,318.48
2020-2021,2020,07,07 ARDECHE,1456.0,10314.4204,10052.630000000001,92520.67,3333.01,79456.21,139138.94,169574.90000000002,7171.85,6913.490000000001,1742.1899999999998,510566.39,523074.09,105906.31,388170.05000000005,15827.53,174650.10000000003
2020-2021,2020,08,08 ARDENNES,1.0,1.7118,0.0,0.0,0.0,0.0,0.0,0.0,0.0,2.0,0.0,2.0,2.0,0.0,0.0,2.0,0.0
2020-2021,2020,09,09 ARIEGE,15.0,66.8611,0.0,0.0,0.0,160.0,1671.56,239.8,20.29,195.5,0.0,2287.15,2329.4900000000002,0.0,2071.36,215.79,239.8
2020-2021,2020,10,10 AUBE,2598.0,7112.7813,383331.15,0.0,0.0,0.0,0.0,0.0,0.0,0.0,0.0,383331.15,425282.11000000004,383331.15,0.0,0.0,0.0
2020-2021,2020,11,11 AUDE,4787.0,64052.800200000005,104011.73,431816.88,90767.37999999999,637022.5100000002,1655713.9799999995,517641.57000000007,72796.18000000001,200860.91,31056.86,3741781.0600000005,3806161.3200000003,626595.99,2810378.0599999996,304713.95,639465.81
2020-2021,2020,12,12 AVEYRON,108.0,387.9826,319.5,8967.99,1678.8200000000002,506.75,2059.04,229.9,102.39999999999999,821.09,126.7,14812.189999999999,15240.3,10966.31,2795.69,1050.19,2035.4200000000003
2020-2021,2020,13,13 BOUCHES-DU-RHONE,996.0,11032.1198,23558.219999999998,27802.920000000002,322041.69,20863.67,43903.19999999999,253792.07,2724.62,3453.4100000000003,28183.34,726674.39,759688.35,373402.83,318558.94,34361.37,604017.1
2020-2021,2020,14,14 CALVADOS,1.0,6.6,0.0,0.0,0.0,107.05,80.5,0.0,0.0,0.0,0.0,187.55,193.3,0.0,187.55,0.0,0.0
2020-2021,2020,15,15 CANTAL,6.0,10.6323,22.9,52.8,25.0,36.5,78.5,0.0,0.0,0.0,0.0,215.7,226.29999999999998,100.69999999999999,115.0,0.0,25.0
2020-2021,2020,16,16 CHARENTE,1870.0,43169.2298,2221.72,2276.38,0.0,5949.44,13303.8,907.0799999999999,17599.79,9167.48,1611.2,5417449.879999999,5421112.339999999,4498.1,20160.32,28378.47,2518.2799999999997
2020-2021,2020,17,17 CHARENTE-MARITIME,2368.0,43255.763,16220.27,25557.52,161.94,28263.459999999995,40149.54000000001,7933.04,74960.01000000001,22891.980000000003,4253.93,5453756.260000001,5461422.2700000005,41939.73,76346.04,102105.92000000001,12348.91
2020-2021,2020,18,18 CHER,450.0,4364.6955,188313.4,24485.199999999997,10527.7,1455.78,544.1,301.54,298.91,292.79999999999995,157.4,226376.83,227513.06999999998,223326.3,2301.42,749.11,10986.640000000001
2020-2021,2020,19,19 CORREZE,40.0,83.03190000000001,324.29,506.16,0.0,442.91,1249.58,436.73,36.08,57.5,3.1,3056.35,3063.15,830.45,2129.2200000000003,96.67999999999999,439.83000000000004
2020-2021,2020,21,21 COTE-D'OR,1405.0,9814.636,180936.86,206602.26,1330.7,726.54,295.61,45.58,1644.4299999999998,682.94,55.96000000000001,392651.73,397938.37,388869.82,1067.73,2383.33,1432.24
2020-2021,2020,24,24 DORDOGNE,623.0,11169.5497,165115.92,181127.08,52408.619999999995,4872.17,12507.580000000002,8214.529999999999,6063.67,6032.09,3688.65,446702.1,458510.38,398651.62,25594.28,15784.41,64311.799999999996
2020-2021,2020,25,25 DOUBS,9.0,20.808,0.0,88.83,25.74,240.0,23.0,8.0,153.41,62.22,4.5,605.7,614.95,114.57,271.0,220.13,38.239999999999995
2020-2021,2020,26,26 DROME,1517.0,16271.882,101328.79000000002,422146.94,39174.77,15470.6,57963.51,54880.719999999994,5755.150000000001,5738.68,2225.73,708390.31,726863.26,562650.5,128314.82999999999,13719.560000000001,96281.21999999999
2020-2021,2020,28,28 EURE-ET-LOIR,1.0,0.99,0.0,0.0,0.0,0.0,0.0,0.0,1.3,7.2,0.0,8.5,8.5,0.0,0.0,8.5,0.0
2020-2021,2020,30,30 GARD,3485.0,52980.3799,55619.55,524702.86,132684.01,349625.36999999994,821000.3000000002,900408.55,43936.96000000001,82417.04,80977.21999999999,2995069.77,3075694.19,713006.42,2071034.2200000002,207331.21999999997,1114069.78
2020-2021,2020,31,31 HAUTE-GARONNE,96.0,1351.0402,0.0,18950.13,17745.2,429.0,25477.88,20229.7,556.34,2094.81,544.75,86027.81,88387.61,36695.33,46136.58,3195.9,38519.65
2020-2021,2020,32,32 GERS,953.0,20093.0175,15125.09,37479.630000000005,15456.119999999999,966543.9200000002,81223.36,113627.48999999999,331273.60000000003,6912.28,30777.4,1713079.4500000002,1732079.3000000003,68060.84,1161394.77,368963.2800000001,159861.00999999998
2020-2021,2020,33,33 GIRONDE,5793.0,114867.8312,499985.06,3755260.01,201355.27,14673.39,35391.05,12717.86,37061.56,174439.21999999997,50580.26,4885510.859999998,5000269.269999998,4456600.339999999,62782.3,262081.03999999998,264653.39
2020-2021,2020,34,34 HERAULT,7668.0,81153.03339999999,138647.52000000002,309685.55,121704.52,1031437.2299999999,1638256.5900000008,1341999.5099999995,121250.73000000001,204923.22,82113.08,4990017.95,5118980.26,570037.59,4011693.33,408287.03,1545817.1099999996
2020-2021,2020,36,36 INDRE,57.0,519.4082999999999,10551.04,4203.29,2245.2,3067.81,1146.0,394.5,1495.0,1387.5,1228.7,25719.040000000005,26136.870000000006,16999.530000000002,4608.3099999999995,4111.2,3868.3999999999996
2020-2021,2020,37,37 INDRE-ET-LOIRE,687.0,9945.0174,145135.21,223945.85,32346.66,2602.42,3296.9799999999996,4303.489999999999,18162.11,11035.270000000002,18734.0,467646.81999999995,477955.47,401427.72,10202.89,47931.380000000005,55384.15
2020-2021,2020,38,38 ISERE,84.0,274.6424,6721.58,637.06,153.93,1551.39,2136.0299999999997,147.7,1804.3,348.40000000000003,236.14999999999998,14021.399999999998,14377.269999999999,7512.57,3835.12,2388.85,537.78
2020-2021,2020,39,39 JURA,430.0,2167.5356,68761.54,17465.539999999997,2018.02,84.0,97.5,0.0,1150.12,874.2099999999998,35.08,90486.01,91768.98,88245.09999999999,181.5,2059.41,2053.1
2020-2021,2020,40,40 LANDES,204.0,1623.1976,2090.42,5049.4,4918.13,33403.17999999999,6688.21,6483.009999999999,23043.940000000002,816.06,434.05,109702.26999999999,112763.30999999998,12057.95,46574.399999999994,24294.050000000003,11835.189999999999
2020-2021,2020,41,41 LOIR-ET-CHER,395.0,6556.726900000001,150109.49,44004.48,37210.98,44968.229999999996,9685.35,7450.9,30051.780000000006,9668.28,11984.74,346617.76000000007,352576.9000000001,231324.95,62104.479999999996,51704.8,56646.62
2020-2021,2020,42,42 LOIRE,173.0,1014.8186,6486.35,16581.17,1023.19,4982.3,4324.499999999999,1774.45,1230.44,1323.32,919.6,38645.31999999999,39486.439999999995,24090.709999999995,11081.25,3473.36,3717.2400000000002
2020-2021,2020,43,43 HAUTE-LOIRE,4.0,0.6859,0.0,0.0,0.0,0.0,0.0,0.0,2.1,12.4,6.7,21.2,21.2,0.0,0.0,21.2,6.7
2020-2021,2020,44,44 LOIRE-ATLANTIQUE,452.0,10165.6332,353207.16,1189.23,1533.33,61193.899999999994,14436.61,26097.379999999997,120712.96,12129.7,42607.799999999996,636943.69,649402.59,355929.72,101727.88999999998,175450.46,70238.51
2020-2021,2020,45,45 LOIRET,15.0,106.58009999999999,1402.54,1554.84,414.1,35.0,151.99,0.0,176.1,505.81,86.45,4326.83,4455.67,3371.48,186.99,768.36,500.55
2020-2021,2020,46,46 LOT,322.0,4886.070000000001,0.0,143639.74,852.5,4338.93,66894.55,18365.35,1146.58,21274.22,2971.88,265429.36,271780.13,144492.24,89598.83000000002,25392.680000000004,22189.73
2020-2021,2020,47,47 LOT-ET-GARONNE,503.0,6136.475699999999,28326.83,130611.2,54067.479999999996,56804.759999999995,21317.45,15925.92,20097.97,13954.91,7250.22,351249.69,359784.92,213005.51,94048.12999999999,41303.100000000006,77243.62
2020-2021,2020,48,48 LOZERE,4.0,11.6467,0.0,0.0,0.0,83.02,148.28,35.0,13.53,11.120000000000001,0.0,290.95,296.71,0.0,266.3,24.65,35.0
2020-2021,2020,49,49 MAINE-ET-LOIRE,944.0,19654.576500000003,293647.35,125880.05,506120.05,41239.8,12327.119999999999,10717.840000000002,34431.74,18197.69,30095.420000000002,1118532.3699999999,1145046.6199999999,925647.45,64284.76,82724.84999999999,546933.31
2020-2021,2020,51,51 MARNE,12329.0,23372.716800000002,1242358.22,0.0,0.0,0.0,0.0,0.0,784.94,0.0,0.0,1243143.16,1515897.5099999998,1242358.22,0.0,784.94,0.0
2020-2021,2020,52,52 HAUTE-MARNE,26.0,92.92269999999999,2727.86,0.0,0.0,886.1,589.3299999999999,145.8,269.05,83.5,87.58,4789.22,5494.39,2727.86,1621.2299999999998,440.13,233.38
2020-2021,2020,53,53 MAYENNE,1.0,0.6,0.0,0.0,0.0,0.0,0.0,0.0,22.8,0.0,12.9,35.7,35.7,0.0,0.0,35.7,12.9
2020-2021,2020,54,54 MEURTHE-ET-MOSELLE,26.0,108.3826,667.65,585.12,1665.44,0.0,0.0,0.0,726.44,148.64,489.19,4282.48,4373.419999999999,2918.21,0.0,1364.27,2154.63
2020-2021,2020,55,55 MEUSE,7.0,41.7629,0.0,0.0,0.0,777.0,404.7,239.0,316.3,121.7,151.8,2010.5,2035.1,0.0,1420.7,589.8,390.8
2020-2021,2020,57,57 MOSELLE,25.0,91.8442,1096.04,560.04,135.9,0.0,0.0,0.0,1313.33,115.14,84.2,3304.6499999999996,3366.5899999999997,1791.98,0.0,1512.67,220.10000000000002
2020-2021,2020,58,58 NIEVRE,151.0,1516.2932999999998,75738.23999999999,1239.34,377.65,2320.5,840.5899999999999,281.55,956.3,206.5,59.05,82019.71999999999,82274.35999999999,77355.22999999998,3442.6400000000003,1221.85,718.25
2020-2021,2020,59,59 NORD,1.0,1.8098,0.0,0.0,0.0,0.0,0.0,0.0,15.9,0.0,6.9,22.8,26.7,0.0,0.0,22.8,6.9
2020-2021,2020,62,62 PAS-DE-CALAIS,1.0,0.3,0.0,0.0,0.0,0.0,0.0,0.0,5.5,0.0,0.0,5.5,6.0,0.0,0.0,5.5,0.0
2020-2021,2020,63,63 PUY-DE-DOME,137.0,421.2557,1357.19,5288.36,1725.24,628.96,2685.71,249.28999999999996,541.22,1242.35,327.22,14045.539999999999,14252.32,8370.789999999999,3563.96,2110.79,2301.75
2020-2021,2020,64,64 PYRENEES-ATLANTIQUES,496.0,2561.3926,56935.479999999996,26607.5,4944.39,458.29999999999995,3629.4900000000002,905.46,1435.07,1088.19,1012.22,97016.10000000002,97874.20000000003,88487.37,4993.25,3535.4800000000005,6862.070000000001
2020-2021,2020,65,65 HAUTES-PYRENEES,42.0,216.3108,1049.37,4117.14,273.02,536.05,1358.6299999999999,60.5,4.0,70.7,6.0,7475.410000000001,7546.050000000001,5439.530000000001,1955.1799999999998,80.7,339.52
2020-2021,2020,66,66 PYRENEES-ORIENTALES,2171.0,19699.9398,51659.35,156601.91999999998,79510.69,63722.81999999999,95522.55999999998,73604.7,7108.55,8037.46,3774.62,539542.6699999999,552280.5299999999,287771.95999999996,232850.07999999996,18920.63,156890.01
2020-2021,2020,67,67-68 BAS-RHIN et HAUT-RHIN,3546.0,15692.0,863461.0,11508.0,80964.0,0.0,0.0,0.0,5585.0,296.0,327.0,975870.0,1012924.0,955933.0,0.0,6208.0,81291.0
2020-2021,2020,69,69 RHONE,2126.0,15354.964300000001,122261.88,580176.06,19583.17,1761.1000000000001,2943.05,673.34,3332.61,8683.76,4560.3,744394.6100000001,788999.6400000001,722021.1100000001,5377.490000000001,16576.670000000002,24816.809999999998
2020-2021,2020,70,70 HAUTE-SAONE,8.0,84.2307,0.0,0.0,0.0,1339.1100000000001,1129.1999999999998,250.0,495.2,186.24,24.85,3424.6,3455.91,0.0,2718.31,706.2900000000001,274.85
2020-2021,2020,71,71 SAONE-ET-LOIRE,1715.0,13167.600400000001,536858.66,176300.34,3098.79,460.01,236.20000000000002,44.5,4134.84,1152.1699999999998,451.98,740515.1699999999,761969.3099999999,716257.79,740.71,5738.99,3595.27
2020-2021,2020,72,72 SARTHE,42.0,276.6102,3626.89,777.39,232.15,163.62,71.92999999999999,57.7,650.19,592.77,160.26999999999998,6332.91,6513.03,4636.429999999999,293.25,1403.23,450.12
2020-2021,2020,73,73 SAVOIE,322.0,1847.9779,66250.14,21562.17,5729.8,4597.759999999999,967.5100000000001,716.61,5815.0599999999995,1447.95,808.5,112527.73999999999,115380.54999999999,93542.11,6281.879999999999,8071.509999999999,7254.91
2020-2021,2020,74,74 HAUTE-SAVOIE,60.0,231.8718,4213.41,696.72,271.2,635.14,217.52,22.0,2072.06,1642.02,56.7,9827.770000000002,9896.750000000002,5181.33,874.66,3770.7799999999997,349.9
2020-2021,2020,76,76 SEINE-MARITIME,3.0,11.1636,0.0,0.0,0.0,0.0,0.0,0.0,37.19,0.0,3.0,40.19,41.4,0.0,0.0,40.19,3.0
2020-2021,2020,77,77 SEINE-ET-MARNE,15.0,32.3932,1630.53,0.0,0.0,0.0,0.0,0.0,9.22,18.79,0.0,1658.54,1990.31,1630.53,0.0,28.009999999999998,0.0
2020-2021,2020,79,79 DEUX-SEVRES,46.0,771.3482,11371.48,1735.75,26968.33,1566.4499999999998,288.92,757.0300000000001,1364.48,244.67,1188.49,47863.40999999999,48558.50999999999,40075.56,2612.4,2797.6400000000003,28913.850000000002
2020-2021,2020,80,80 SOMME,1.0,3.0,0.0,0.0,0.0,0.0,0.0,0.0,44.5,0.0,0.0,44.5,46.41,0.0,0.0,44.5,0.0
2020-2021,2020,81,81 TARN,390.0,6493.3641,26417.110000000004,65716.08,19002.170000000002,62573.67,138853.49,63282.08,21774.61,29209.630000000005,14858.56,441687.4,451554.27,111135.36,264709.24,65842.8,97142.81
2020-2021,2020,82,82 TARN-ET-GARONNE,182.0,1494.0575999999999,0.0,18774.66,13966.46,2908.75,30235.980000000003,18531.5,605.2,7231.24,2870.48,95124.27,97917.87000000001,32741.12,51676.23,10706.92,35368.44
2020-2021,2020,83,83 VAR,3118.0,27843.339,34415.590000000004,51951.58000000001,845143.96,18208.550000000003,30049.13,219581.55000000002,1201.1000000000001,2929.7799999999997,11655.960000000001,1215326.55,1259140.32,931511.13,267839.23000000004,15786.84,1076381.47
2020-2021,2020,84,84 VAUCLUSE,3590.0,45934.2649,90309.41,1065486.24,243042.6,71027.34999999999,170406.91999999995,373318.80000000005,8464.939999999999,37682.19,9644.439999999999,2083077.0899999999,2146058.92,1398838.25,614753.0700000001,55791.57000000001,626005.84
2020-2021,2020,85,85 VENDEE,36.0,889.9158,7177.900000000001,6692.07,6727.8099999999995,6283.66,4824.41,6959.5,3523.12,1636.15,2441.25,46265.87,47776.76,20597.78,18067.57,7600.52,16128.56
2020-2021,2020,86,86 VIENNE,123.0,1139.0777,17450.05,2842.48,11536.22,20382.010000000002,3714.79,3503.8999999999996,3847.64,1420.9099999999999,2155.5899999999997,67618.89,68566.28,31828.75,27600.700000000004,7424.139999999999,17195.71
2020-2021,2020,87,87 HAUTE-VIENNE,2.0,6.959300000000001,0.0,0.0,0.0,18.4,49.0,33.5,21.0,2.7,0.0,124.60000000000001,138.20000000000002,0.0,100.9,23.7,33.5
2020-2021,2020,88,88 VOSGES,36.0,4.5867,0.0,0.0,0.0,0.0,0.0,0.0,3.9,162.28,0.0,166.18,166.58,0.0,0.0,166.18,0.0
2020-2021,2020,89,89 YONNE,821.0,8151.3351999999995,370088.72,24187.63,1774.56,467.94,214.9,11.0,546.81,274.02000000000004,93.25,407486.59,411015.05000000005,396050.91,693.84,914.0799999999999,1878.81
2020-2021,2020,92,92 HAUTS DE SEINE,1.0,0.73,0.0,0.0,0.0,0.0,0.0,0.0,25.3,0.0,0.0,25.3,25.3,0.0,0.0,25.3,0.0
2020-2021,2020,93,93 SEINE SAINT DENIS,1.0,10.0484,0.0,0.0,0.0,0.0,0.0,0.0,56.5,51.5,0.0,108.0,108.0,0.0,0.0,108.0,0.0
2021-2022,2021,01,01 AIN,179.0,716.7225999999999,5941.519999999999,2197.44,3995.7200000000003,678.01,134.3,92.33,2678.27,1374.72,1408.95,18501.260000000002,18678.95,12134.68,904.64,5461.94,5497.0
2021-2022,2021,02,02 AISNE,825.0,2418.9388,94611.14,0.0,0.0,0.0,0.0,0.0,251.16,0.0,86.0,94948.3,96877.79000000001,94611.14,0.0,337.15999999999997,86.0
2021-2022,2021,03,03 ALLIER,60.0,603.2446,3354.0,7763.44,2101.71,267.81,176.28,0.0,360.6,131.0,202.5,14357.339999999998,14645.309999999998,13219.149999999998,444.09000000000003,694.1,2304.21
2021-2022,2021,04,04 ALPES DE HAUTES-PROVENCE,60.0,682.8348000000001,1772.32,3270.9700000000003,5260.4400000000005,3153.4300000000003,4448.45,13417.46,581.99,798.5,2438.0,35141.56,36210.009999999995,10303.73,21019.34,3818.49,21115.9
2021-2022,2021,05,05 HAUTES-ALPES,64.0,123.78689999999999,0.0,0.0,0.0,1533.08,2397.82,1198.89,134.32,24.4,0.0,5288.509999999999,5469.48,0.0,5129.79,158.72,1198.89
2021-2022,2021,06,06 ALPES-MARITIMES,19.0,79.8783,496.5,582.38,187.84,228.8,466.7,214.3,0.0,10.2,0.0,2186.72,2213.6699999999996,1266.72,909.8,10.2,402.14
2021-2022,2021,07,07 ARDECHE,1419.0,10322.260400000001,11240.31,94487.79999999999,4188.58,71560.87,161544.51,126296.32,7042.72,11485.32,849.36,490094.95999999996,501914.61,109916.68999999999,359401.7,19377.4,131334.26
2021-2022,2021,09,09 ARIEGE,14.0,69.97169999999998,0.0,0.0,0.0,218.8,1259.14,250.5,10.0,119.6,0.0,1858.04,1908.32,0.0,1728.44,129.6,250.5
2021-2022,2021,10,10 AUBE,2589.0,7015.0233,275468.46,0.0,0.0,0.0,0.0,0.0,0.0,0.0,0.0,275468.46,279770.32,275468.46,0.0,0.0,0.0
2021-2022,2021,11,11 AUDE,4685.0,63586.40839999999,107774.36000000002,340127.18,85849.51000000001,463952.01999999996,1323127.5,348267.49999999994,38400.62,118269.79000000001,13292.479999999998,2839060.9600000004,2885402.9600000004,533751.05,2135347.02,169962.89,447409.48999999993
2021-2022,2021,12,12 AVEYRON,108.0,397.7931,55.0,4784.59,750.36,316.86,1554.82,205.34,50.050000000000004,307.92,132.74,8157.679999999999,8364.59,5589.95,2077.02,490.71000000000004,1088.44
2021-2022,2021,13,13 BOUCHES-DU-RHONE,996.0,11097.3437,24035.41,23770.170000000002,284296.09,19594.43,44188.13999999999,173638.92999999996,5315.570000000001,2487.6699999999996,9061.67,586463.51,610173.92,332101.67000000004,237421.49999999994,16864.91,466996.69
2021-2022,2021,14,14 CALVADOS,1.0,6.6,0.0,0.0,0.0,43.05,28.7,0.0,0.0,0.0,0.0,71.75,73.45,0.0,71.75,0.0,0.0
2021-2022,2021,15,15 CANTAL,5.0,8.6174,0.0,12.5,9.5,22.9,36.0,0.0,0.0,0.0,0.0,80.9,83.45,22.0,58.9,0.0,9.5
2021-2022,2021,16,16 CHARENTE,1898.0,44313.7566,2077.28,2007.51,0.0,3951.7299999999996,9209.01,699.44,10741.75,6372.62,393.8,4625480.09,4628287.29,4084.79,13860.18,17508.17,1093.24
2021-2022,2021,17,17 CHARENTE-MARITIME,2387.0,44647.40400000001,15402.69,23036.82,13.55,24578.050000000003,33465.25,7060.61,49543.229999999996,12686.26,2799.7200000000003,4998181.43,5002973.39,38453.060000000005,65103.91,65029.21,9873.880000000001
2021-2022,2021,18,18 CHER,444.0,4428.512199999999,144919.94,13469.800000000001,10873.87,792.35,357.2,184.78,164.15,242.08,176.35999999999999,171180.52999999997,171922.23999999996,169263.61,1334.33,582.59,11235.010000000002
2021-2022,2021,19,19 CORREZE,36.0,84.91290000000001,175.8,217.20999999999998,0.0,160.09,624.02,385.64,17.7,24.0,4.9,1609.36,1609.6599999999999,393.01,1169.75,46.6,390.53999999999996
2021-2022,2021,21,21 COTE-D'OR,1398.0,9757.691600000006,100031.16999999995,161717.99999999977,1058.3500000000001,219.21,111.11,30.0,743.6800000000001,450.48,56.59,264418.58999999973,267219.0599999997,262807.5199999997,360.32,1250.75,1144.94
2021-2022,2021,23,23 CREUSE,1.0,2.35,0.0,0.0,0.0,0.0,0.0,0.0,6.0,38.9,0.0,44.9,44.9,0.0,0.0,44.9,0.0
2021-2022,2021,24,24 DORDOGNE,612.0,11149.4482,149306.46000000002,171318.25,40441.439999999995,7707.179999999999,13019.89,3654.4500000000003,12229.53,7247.78,6387.27,415705.46000000014,425918.8700000001,361066.15,24381.52,25864.58,50483.15999999999
2021-2022,2021,25,25 DOUBS,12.0,45.52770000000001,17.16,59.56,0.0,92.25,19.0,0.0,83.39999999999999,14.3,3.8,289.47,298.22,76.72,111.25,101.49999999999999,3.8
2021-2022,2021,26,26 DROME,1465.0,16246.736499999999,97670.45,419025.55000000005,33839.29,17397.21,69307.18000000001,52485.01,15875.27,6587.0599999999995,1422.2199999999998,720821.0800000001,744301.54,550535.29,139189.40000000002,23884.550000000003,87746.52
2021-2022,2021,28,28 EURE-ET-LOIR,1.0,0.99,0.0,0.0,0.0,0.0,0.0,0.0,5.0,23.0,0.0,28.0,28.0,0.0,0.0,28.0,0.0
2021-2022,2021,30,30 GARD,3400.0,52485.083900000005,65110.28,587344.67,138570.99,287473.7800000001,662669.1599999998,752822.86,34364.74,69928.02,37295.22,2645271.9800000004,2717504.8500000006,791025.9400000001,1702965.7999999998,141587.98,928689.07
2021-2022,2021,31,31 HAUTE-GARONNE,88.0,1335.0247000000002,0.0,10888.46,11044.04,267.0,6987.22,14336.62,455.95,1889.1999999999998,439.74,46308.229999999996,47652.39,21932.5,21590.84,2784.8899999999994,25820.400000000005
2021-2022,2021,32,32 GERS,922.0,20241.0721,13681.760000000002,33729.869999999995,14192.040000000003,793313.5499999999,58546.79999999997,84357.00000000004,204838.5,4266.390000000001,7320.109999999997,1303806.42,1329196.42,61603.67,936217.3499999999,216425.0,105869.15000000005
2021-2022,2021,33,33 GIRONDE,5698.0,113543.66980000003,405330.97000000003,3214711.0700000003,200974.0,8549.749999999998,5214.9400000000005,8719.47,43938.54,72864.43,58013.14,4042486.2800000007,4127937.2800000007,3821016.0400000005,22484.159999999996,174816.11,267706.61
2021-2022,2021,34,34 HERAULT,7427.0,79978.75810000002,120117.44999999998,271587.08999999997,110268.33000000002,696755.4499999996,1116717.2400000002,935270.6000000002,57890.85,76148.5,39795.29,3424550.8,3521876.61,501972.86999999994,2748743.29,173834.64,1085334.2200000002
2021-2022,2021,36,36 INDRE,53.0,527.3968000000001,8573.46,3569.62,2103.35,1652.47,468.87,314.1,470.24,971.48,518.8,18642.39,18839.0,14246.429999999998,2435.44,1960.52,2936.25
2021-2022,2021,37,37 INDRE-ET-LOIRE,676.0,9771.012099999996,104858.12,175599.66000000003,25457.359999999997,1772.92,1766.7800000000002,1231.72,10808.73,5539.31,10545.23,338247.37999999995,344737.8599999999,305915.14,4771.42,26893.27,37234.31
2021-2022,2021,38,38 ISERE,102.0,279.3356,5356.370000000001,475.48999999999995,83.35,643.9,1214.7900000000004,59.0,949.55,356.65,98.6,9237.7,9328.76,5915.210000000001,1917.6900000000005,1404.7999999999997,240.95
2021-2022,2021,39,39 JURA,431.0,2229.1745,24133.700000000004,6706.83,1189.45,125.5,53.5,0.0,427.47,281.14,12.31,32929.90000000001,33430.55000000001,32029.980000000007,179.0,720.92,1201.76
2021-2022,2021,40,40 LANDES,196.0,1601.7178000000001,719.0,953.2,3336.83,36305.979999999996,5690.5199999999995,8215.949999999999,12727.079999999998,242.77,165.11,86678.40999999999,88678.81,5009.03,50212.44999999999,13134.96,11717.89
2021-2022,2021,41,41 LOIR-ET-CHER,388.0,6391.455300000001,90289.28000000001,22588.41,16622.05,12284.569999999998,3627.94,4003.39,7636.600000000001,4507.38,5404.81,166964.43000000005,169611.67000000004,129499.74000000002,19915.899999999998,17548.79,26030.25
2021-2022,2021,42,42 LOIRE,174.0,1071.4904,5112.549999999999,14916.5,578.12,3438.97,5515.05,1600.01,1416.5700000000002,1724.68,1034.58,35337.03,35728.38,20607.17,10554.03,4175.83,3212.71
2021-2022,2021,43,43 HAUTE-LOIRE,5.0,4.531000000000001,0.0,0.0,0.0,0.0,0.0,0.0,3.5500000000000003,35.9,10.5,49.949999999999996,49.949999999999996,0.0,0.0,49.949999999999996,10.5
2021-2022,2021,44,44 LOIRE-ATLANTIQUE,445.0,9766.842999999999,140061.87000000002,644.0,937.0,32478.76,8053.430000000001,15551.229999999998,23267.550000000003,5270.33,19783.58,246047.75,250497.54,141642.87000000002,56083.42,48321.46000000001,36271.81
2021-2022,2021,45,45 LOIRET,13.0,102.61409999999998,460.82,408.29999999999995,191.3,0.0,28.0,15.0,21.2,174.47,69.82,1368.9099999999999,1418.35,1060.4199999999998,43.0,265.49,276.12
2021-2022,2021,46,46 LOT,322.0,4866.7056,0.0,88105.65000000001,1180.58,2552.74,24240.34,10260.23,832.33,6112.910000000001,1316.83,134636.61,137955.36,89286.23000000001,37053.31,8262.07,12757.64
2021-2022,2021,47,47 LOT-ET-GARONNE,494.0,6172.191600000001,28280.879999999997,120255.64999999998,50819.07,45680.130000000005,17502.489999999998,14743.870000000003,18276.91,10921.05,5494.86,313087.11999999994,316853.32999999996,199355.59999999998,77926.49,34692.82,71057.8
2021-2022,2021,48,48 LOZERE,5.0,16.1668,0.0,0.0,0.0,76.7,375.34,14.21,3.92,7.05,0.0,477.21999999999997,488.66999999999996,0.0,466.24999999999994,10.969999999999999,14.21
2021-2022,2021,49,49 MAINE-ET-LOIRE,945.0,19614.650799999996,233020.26999999996,112063.82999999999,448436.15,26434.739999999998,6105.139999999999,6420.9,19186.899999999998,11028.07,13911.789999999999,876647.04,891650.41,793520.25,38960.78,44126.759999999995,468768.84
2021-2022,2021,51,51 MARNE,12234.0,22993.3252,1154921.53,0.0,0.0,0.0,0.0,0.0,3.42,0.0,0.0,1154924.95,1200103.5799999998,1154921.53,0.0,3.42,0.0
2021-2022,2021,52,52 HAUTE-MARNE,24.0,91.4515,2361.05,0.0,0.0,540.14,231.88,160.7,193.5,40.5,59.0,3586.77,3814.11,2361.05,932.72,293.0,219.7
2021-2022,2021,54,54 MEURTHE-ET-MOSELLE,26.0,108.6576,728.2,470.22,1488.02,109.71,6.7,80.0,367.07,64.75,353.84,3668.51,3762.13,2686.44,196.41,785.66,1921.86
2021-2022,2021,55,55 MEUSE,7.0,46.3398,0.0,0.0,0.0,1435.4699999999998,510.92,357.47,262.3,128.0,159.48,2853.64,2895.64,0.0,2303.8599999999997,549.78,516.95
2021-2022,2021,57,57 MOSELLE,26.0,84.6667,1000.31,436.88,167.1,220.0,0.0,18.0,837.5299999999999,8.65,133.66,2822.1299999999997,2862.1299999999997,1604.29,238.0,979.8399999999998,318.76
2021-2022,2021,58,58 NIEVRE,146.0,1548.5400000000002,59022.17,660.96,510.41,642.25,325.84000000000003,150.35,333.65,40.6,44.75,61730.979999999996,62088.85,60193.54,1118.44,419.0,705.51
2021-2022,2021,62,62 PAS-DE-CALAIS,1.0,0.3,0.0,0.0,0.0,0.0,0.0,0.0,3.45,0.0,0.0,3.45,3.5,0.0,0.0,3.45,0.0
2021-2022,2021,63,63 PUY-DE-DOME,134.0,420.36170000000004,763.34,3958.71,1318.0,468.19000000000005,1651.24,247.29000000000002,299.28,723.94,240.92,9670.910000000002,9821.54,6040.05,2366.7200000000003,1264.14,1806.21
2021-2022,2021,64,64 PYRENEES-ATLANTIQUES,483.0,2578.5193999999997,60208.28,26845.859999999997,5020.969999999999,535.61,5931.320000000001,1013.3,845.73,1013.58,622.7099999999999,102039.97000000002,103447.70000000001,92075.11,7480.2300000000005,2482.02,6656.98
2021-2022,2021,65,65 HAUTES-PYRENEES,42.0,224.06119999999999,1102.49,5012.42,294.34000000000003,728.0200000000001,1395.75,906.21,8.8,200.81,115.32,9764.159999999998,9944.659999999998,6409.25,3029.98,324.93,1315.8700000000001
2021-2022,2021,66,66 PYRENEES-ORIENTALES,2173.0,19381.872099999997,62424.68,148475.61000000002,92607.09999999999,69155.10999999999,84186.65,58869.28999999999,12375.650000000001,10433.99,2537.28,541065.36,555623.96,303507.39,212211.05,25346.92,154013.66999999998
2021-2022,2021,67,67 BAS-RHIN,1455.0,6713.035399999997,340728.93000000034,3342.94,33699.020000000004,0.0,0.0,0.0,3915.9,448.59,99.34,385975.86000000045,397746.6400000004,377770.89000000036,0.0,4463.83,33798.36
2021-2022,2021,68,68 HAUT-RHIN,1884.0,8972.7123,376884.07000000024,5072.62,34030.58,0.0,0.0,0.0,2237.03,162.76,151.25,423136.5200000003,431701.9900000003,415987.27000000025,0.0,2551.04,34181.83
2021-2022,2021,69,69 RHONE,2074.0,15158.745400000003,107051.89,455013.62000000017,13589.3,1322.25,2648.89,378.59999999999997,3209.46,5463.11,3013.14,592093.3000000002,619039.5500000002,575654.8100000002,4349.74,11685.71,16981.04
2021-2022,2021,70,70 HAUTE-SAONE,9.0,84.56370000000001,0.0,0.0,0.0,444.2,377.3,18.5,150.55,80.19,17.0,1087.74,1104.74,0.0,840.0,247.74,35.5
2021-2022,2021,71,71 SAONE-ET-LOIRE,1699.0,13235.628699999997,313948.35000000003,131388.09,1461.41,264.01,152.25,19.65,6262.24,659.7199999999999,215.97,454381.84,463459.01,446797.85000000003,435.90999999999997,7137.93,1697.0300000000002
2021-2022,2021,72,72 SARTHE,44.0,208.61210000000003,2358.4300000000003,865.44,358.4,96.5,128.85,90.9,390.38,447.81,154.54000000000002,4891.250000000001,5063.250000000001,3582.2700000000004,316.25,992.73,603.8399999999999
2021-2022,2021,73,73 SAVOIE,320.0,1855.7618999999995,49738.72000000001,13911.56,3972.3399999999997,3263.94,702.39,311.20000000000005,3074.52,1257.24,1163.9299999999998,77494.58000000002,78225.99000000002,67622.62000000001,4277.53,5495.6900000000005,5447.469999999999
2021-2022,2021,74,74 HAUTE-SAVOIE,60.0,228.1473,2265.4,476.85,32.2,286.5,176.5,7.0,2672.1699999999996,1764.35,34.0,7714.969999999999,7735.169999999999,2774.45,470.0,4470.5199999999995,73.2
2021-2022,2021,75,75 PARIS,1.0,0.043,0.0,0.0,0.0,0.0,0.0,0.0,1.4,0.0,0.0,1.4,1.4,0.0,0.0,1.4,0.0
2021-2022,2021,76,76 SEINE-MARITIME,3.0,0.89,0.0,0.0,0.0,0.0,0.0,0.0,2.2,0.0,0.6,2.8000000000000003,2.8000000000000003,0.0,0.0,2.8000000000000003,0.6
2021-2022,2021,77,77 SEINE-ET-MARNE,18.0,41.161500000000004,1434.28,0.0,0.0,3.5,3.99,0.0,4.58,3.58,0.0,1449.9299999999998,1469.35,1434.28,7.49,8.16,0.0
2021-2022,2021,78,78 YVELINES,3.0,0.4995,0.0,0.0,0.0,0.0,0.0,0.0,7.619999999999999,1.6,0.0,9.219999999999999,10.1,0.0,0.0,9.219999999999999,0.0
2021-2022,2021,79,79 DEUX-SEVRES,46.0,781.3765999999999,8811.220000000001,1524.65,23823.09,1560.46,137.66,373.77,869.26,184.8,809.06,38093.97,38599.71,34158.96,2071.8900000000003,1863.12,25005.920000000002
2021-2022,2021,80,80 SOMME,4.0,5.2,0.0,0.0,0.0,0.0,0.0,0.0,94.0,0.0,0.0,94.0,120.0,0.0,0.0,94.0,0.0
2021-2022,2021,81,81 TARN,379.0,6365.5378,22407.0,49973.880000000005,15564.39,48892.649999999994,64685.49,38273.86,30203.190000000002,14463.6,10395.51,294859.56999999995,301156.5399999999,87945.27,151852.0,55062.3,64233.76
2021-2022,2021,82,82 TARN-ET-GARONNE,157.0,1441.5255,0.0,11505.45,9467.76,1577.75,12817.73,9690.050000000001,272.25,4205.02,1897.34,51433.350000000006,52811.850000000006,20973.21,24085.53,6374.610000000001,21055.15
2021-2022,2021,83,83 VAR,3097.0,27911.8329,40639.95,51875.159999999996,879745.3200000001,21161.13,30059.949999999997,219707.04000000004,1913.01,3524.3700000000003,9550.72,1259353.7200000002,1311392.3500000003,972260.43,270928.12000000005,14988.099999999999,1109003.08
2021-2022,2021,84,84 VAUCLUSE,3497.0,45806.252700000005,89348.90999999999,897367.9099999999,182497.12,68318.05,110861.76000000001,201840.77999999997,5934.11,16391.04,5525.99,1583105.84,1625428.0,1169213.94,381020.58999999997,27851.14,389863.88999999996
2021-2022,2021,85,85 VENDEE,35.0,885.7736,5584.9,5884.12,5481.570000000001,4814.07,3232.89,4861.98,2522.7200000000003,1597.47,1704.54,35684.26,36728.130000000005,16950.59,12908.939999999999,5824.7300000000005,12048.09
2021-2022,2021,86,86 VIENNE,123.0,1175.7404999999999,18092.739999999998,3154.11,12193.77,17393.51,2983.76,3856.7599999999998,700.11,1074.3200000000002,790.5699999999999,60239.649999999994,60986.159999999996,33440.619999999995,24234.029999999995,2565.0,16841.100000000002
2021-2022,2021,87,87 HAUTE-VIENNE,2.0,7.6386,0.0,0.0,0.0,12.5,21.0,24.0,4.0,0.0,0.0,61.5,66.8,0.0,57.5,4.0,24.0
2021-2022,2021,88,88 VOSGES,39.0,4.5367,0.0,0.0,0.0,0.0,0.0,0.0,4.4,43.24,0.0,47.64,48.04,0.0,0.0,47.64,0.0
2021-2022,2021,89,89 YONNE,819.0,8206.931599999994,215346.91999999995,15579.27,870.6700000000001,97.05,96.55,6.0,408.9,225.55999999999997,47.0,232677.91999999993,234453.56999999992,231796.85999999996,199.6,681.4599999999999,923.6700000000001
2021-2022,2021,91,91 ESSONNE,2.0,3.4026,0.0,0.0,0.0,0.0,0.0,0.0,2.75,0.0,0.0,2.75,2.75,0.0,0.0,2.75,0.0
2021-2022,2021,92,92 VAL DE SEINE,2.0,1.077,0.0,0.0,0.0,0.0,0.0,0.0,7.2,0.0,0.0,7.2,7.3,0.0,0.0,7.2,0.0
2021-2022,2021,93,93 SEINE SAINT DENIS,4.0,10.476400000000002,0.0,0.0,0.0,61.75,77.25,0.0,3.9,0.0,0.0,142.9,143.0,0.0,139.0,3.9,0.0
2021-2022,2021,94,94 VAL DE MARNE,1.0,0.0656,0.0,0.0,0.0,0.0,0.0,0.0,1.1,0.0,0.0,1.1,1.1,0.0,0.0,1.1,0.0
2021-2022,2021,95,95 VAL D'OISE,0.0,1.4,0.0,0.0,0.0,0.0,0.0,0.0,0.0,0.0,0.0,0.0,0.0,0.0,0.0,0.0,0.0
2022-2023,2022,01,01 AIN,174.0,730.7685999999997,11901.189999999999,3761.8700000000003,9422.350000000002,1670.5,271.04,205.50000000000003,4177.110000000001,1949.1499999999999,3479.3599999999997,36838.07000000001,37142.950000000004,25085.410000000003,2147.04,9605.619999999999,13107.210000000003
2022-2023,2022,02,02 AISNE,835.0,2423.8939999999993,221438.16999999978,0.0,0.0,0.0,0.0,0.0,895.6999999999999,0.03,58.57,222392.4699999998,231737.9499999998,221438.16999999978,0.0,954.3,58.57
2022-2023,2022,03,03 ALLIER,61.0,604.6834999999999,7586.86,12139.069999999998,2886.1900000000005,752.5,489.7,46.0,555.5,193.38,200.0,25016.1,25636.219999999998,22612.119999999995,1288.2,948.88,3132.1900000000005
2022-2023,2022,04,04 ALPES DE HAUTES-PROVENCE,62.0,702.1291999999999,1791.07,3678.0499999999997,5971.2,4001.99,4922.96,13650.380000000001,535.8,575.0,2295.54,37421.990000000005,38387.50000000001,11440.32,22575.33,3406.34,21917.120000000003
2022-2023,2022,05,05 HAUTES-ALPES,68.0,133.9772,0.0,0.0,0.0,1665.9900000000002,2718.9000000000005,1177.09,109.39999999999999,47.6,0.0,5718.980000000001,5893.440000000001,0.0,5561.980000000001,157.0,1177.09
2022-2023,2022,06,06 ALPES-MARITIMES,18.0,80.17409999999998,396.74000000000007,454.09000000000003,184.18,188.4,415.05000000000007,157.75,8.0,8.6,0.0,1812.8100000000004,1829.9600000000005,1035.0100000000002,761.2,16.6,341.93
2022-2023,2022,07,07 ARDECHE,1378.0,10258.18579999999,10866.560000000007,83476.4500000001,3651.120000000001,85374.35999999999,126993.48999999993,153217.17000000013,5503.25,9302.550000000005,999.5500000000001,479387.93000000017,491212.2200000002,97994.1300000001,365585.02,15805.350000000004,157867.8400000001
2022-2023,2022,08,08 ARDENNES,2.0,1.3,0.0,0.0,0.0,0.0,0.0,0.0,10.5,9.98,3.5,23.98,23.98,0.0,0.0,23.98,3.5
2022-2023,2022,09,09 ARIEGE,15.0,73.0628,0.0,0.0,0.0,167.05,1498.05,290.5,4.8,170.19999999999996,8.0,2138.6,2187.63,0.0,1955.6,182.99999999999997,298.5
2022-2023,2022,10,10 AUBE,2500.0,6648.9228000000085,638929.329999999,0.0,0.0,0.0,0.0,0.0,0.0,0.0,0.0,638929.329999999,667290.559999999,638929.329999999,0.0,0.0,0.0
2022-2023,2022,11,11 AUDE,4516.0,63422.36309999987,118861.98999999993,443951.93000000075,89352.43000000007,649030.1900000002,1680496.9500000037,466008.2299999999,155651.36000000002,208104.2300000001,23046.529999999988,3835405.270000004,3904402.840000004,652166.3500000007,2795535.370000004,386802.12000000005,578407.1900000001
2022-2023,2022,12,12 AVEYRON,106.0,399.87800000000004,360.45,7886.489999999999,1124.82,547.86,1736.7900000000002,306.8,69.8,606.9799999999999,103.97,12743.959999999997,13087.329999999998,9371.759999999998,2591.4500000000003,780.7499999999999,1535.59
2022-2023,2022,13,13 BOUCHES-DU-RHONE,982.0,11209.137400000003,29018.580000000013,25588.649999999998,315105.1099999998,28344.56,45169.579999999994,229487.76999999993,7541.75,4484.9400000000005,12449.120000000003,697321.3299999997,729475.7799999998,369712.33999999985,303001.9099999999,24475.810000000005,557041.9999999998
2022-2023,2022,14,14 CALVADOS,1.0,6.6,0.0,0.0,0.0,146.6,87.5,0.0,0.0,0.0,0.0,234.1,240.29999999999998,0.0,234.1,0.0,0.0
2022-2023,2022,15,15 CANTAL,5.0,14.4732,22.0,53.0,19.5,76.5,141.5,7.0,3.4,1.5,0.0,324.4,341.9,94.5,225.0,4.9,26.5
2022-2023,2022,16,16 CHARENTE,1938.0,45500.52529999995,2222.02,2141.98,0.0,3761.61,9568.87,381.2,22053.93,6538.5199999999995,1107.04,5264373.62,5267794.95,4364.0,13711.680000000002,29699.49,1488.24
2022-2023,2022,17,17 CHARENTE-MARITIME,2415.0,46180.3167999999,15237.460000000001,22526.700000000008,317.89,20239.479999999996,24524.359999999997,13703.5,74890.02,11716.529999999997,3100.8399999999997,5144749.880000003,5150892.410000003,38082.05000000001,58467.34,89707.39,17122.23
2022-2023,2022,18,18 CHER,441.0,4487.256299999998,211450.06000000003,32023.8,14754.359999999991,2382.7700000000004,962.8000000000001,485.13,564.1000000000001,552.6800000000001,290.95000000000005,268739.67,270644.74,258228.22,3830.7000000000007,1407.7300000000002,15530.439999999991
2022-2023,2022,19,19 CORREZE,35.0,82.5765,167.8,641.05,0.0,446.28,642.6600000000001,450.94,53.55,72.82,2.7,2477.8,2478.28,808.8499999999999,1539.88,129.07,453.64
2022-2023,2022,21,21 COTE-D'OR,1385.0,9970.223699999968,198283.53999999838,276681.3099999973,2105.460000000001,902.6000000000001,454.13,47.9,1998.4399999999996,1375.0699999999997,127.88999999999999,484661.1899999957,491752.13999999576,477070.3099999957,1404.63,3501.399999999999,2281.250000000001
2022-2023,2022,22,22 COTE D'ARMOR,1.0,1.1,0.0,0.0,0.0,0.0,0.0,0.0,4.6,0.0,0.0,4.6,4.6,0.0,0.0,4.6,0.0
2022-2023,2022,23,23 CREUSE,2.0,1.8399999999999999,0.0,0.0,0.0,0.0,0.0,0.0,17.5,45.3,0.0,62.8,62.8,0.0,0.0,62.8,0.0
2022-2023,2022,24,24 DORDOGNE,577.0,11071.189500000013,142569.43,176987.01999999996,40231.78,5860.120000000001,12733.039999999997,5810.080000000001,7846.42,7719.36,2087.6200000000003,404438.8499999999,413593.5299999999,359788.23,24403.239999999998,17653.399999999998,48129.48
2022-2023,2022,25,25 DOUBS,11.0,23.807899999999997,82.39999999999999,53.69,33.07,200.6,23.0,0.0,307.36999999999995,38.91,16.78,755.8199999999998,781.4199999999998,169.15999999999997,223.6,363.05999999999995,49.85
2022-2023,2022,26,26 DROME,1437.0,16309.108300000024,105747.51000000013,423546.56999999937,38915.05000000001,17913.630000000005,71197.82999999997,45272.85000000003,12867.689999999999,7218.199999999998,1508.05,730287.3699999994,752255.6599999995,568209.1299999995,134384.31,21593.939999999995,85695.95000000004
2022-2023,2022,28,28 EURE-ET-LOIR,1.0,0.99,0.0,0.0,0.0,0.0,0.0,0.0,12.5,61.1,0.0,73.6,73.6,0.0,0.0,73.6,0.0
2022-2023,2022,29,29 FINISTERE,2.0,1.282,0.0,0.0,0.0,0.0,0.0,0.0,0.0,0.0,0.0,0.0,0.0,0.0,0.0,0.0,0.0
2022-2023,2022,30,30 GARD,3246.0,52105.269400000085,60773.73999999995,487972.8000000005,119648.32999999996,389234.83999999985,684698.4299999997,864872.8599999987,62933.13999999998,73400.41,45324.98999999999,2789991.969999999,2869663.089999999,668394.8700000005,1938806.1299999983,181658.53999999998,1029846.1799999987
2022-2023,2022,31,31 HAUTE-GARONNE,85.0,1323.4093,0.0,13142.73,15142.779999999997,1251.48,15694.81,17067.83,695.6500000000001,2162.54,750.4399999999999,65908.26,67911.87,28285.509999999995,34014.12,3608.63,32961.05
2022-2023,2022,32,32 GERS,878.0,20361.89340000002,14333.66,29675.409999999996,14567.230000000003,773148.85,55518.73000000001,77498.42000000001,145153.29,3403.2400000000002,5291.9800000000005,1215870.82,1227253.31,58576.299999999996,906166.0,153848.51,97357.63000000002
2022-2023,2022,33,33 GIRONDE,5399.0,112024.0821999997,447238.28999999986,3491334.2200000053,189363.77999999985,9325.630000000003,12321.459999999997,25754.48,56181.02999999996,71354.72,43471.310000000034,4360501.490000004,4446944.650000004,4127936.290000005,47401.57,171007.06,258589.5699999999
2022-2023,2022,34,34 HERAULT,7101.0,79398.96389999996,145290.77000000016,299047.7899999995,107751.34999999996,1117369.0700000029,1632827.979999998,1261574.990000003,252318.6199999997,258907.67999999996,101701.14999999998,5176789.400000003,5312177.4700000025,552089.9099999997,4011772.0400000038,612927.4499999997,1471027.4900000028
2022-2023,2022,35,35 ILLE ET VILAINE,1.0,1.9998,0.0,0.0,0.0,0.0,0.0,0.0,38.75,15.5,0.0,54.25,55.75,0.0,0.0,54.25,0.0
2022-2023,2022,36,36 INDRE,49.0,513.2791000000002,12077.839999999998,4835.39,2644.8399999999997,3634.93,933.0,701.7,899.3,1280.06,1199.46,28259.010000000002,28673.190000000002,19558.07,5269.63,3378.8199999999997,4546.0
2022-2023,2022,37,37 INDRE-ET-LOIRE,666.0,9969.077499999989,187618.9200000001,179256.82999999993,32274.170000000006,4152.880000000001,2116.42,1188.65,29095.130000000005,8117.000000000002,14708.579999999998,465141.08,474061.15,399149.92,7457.950000000001,51920.71000000001,48171.40000000001
2022-2023,2022,38,38 ISERE,82.0,268.62550000000005,7210.839999999998,711.83,163.38,1141.85,1339.9999999999998,75.1,1520.2099999999998,484.69,123.00999999999999,12915.669999999998,13292.379999999997,8086.049999999998,2556.9499999999994,2127.91,361.49
2022-2023,2022,39,39 JURA,420.0,2111.441099999999,74888.75999999997,18072.69999999999,2828.0999999999995,142.0,45.5,0.0,1691.1399999999996,1134.4599999999998,51.85,98854.50999999998,100181.50999999998,95789.55999999997,187.5,2877.4499999999994,2879.9499999999994
2022-2023,2022,40,40 LANDES,178.0,1566.2580999999998,1960.85,3574.9099999999994,4348.139999999999,22332.659999999985,3655.760000000001,5650.530000000003,6309.070000000001,142.81,115.26,68711.65,83200.18,9883.899999999998,31638.94999999999,6567.140000000001,10113.930000000002
2022-2023,2022,41,41 LOIR-ET-CHER,376.0,6497.436800000007,157089.22999999992,41600.37000000001,28945.760000000006,31776.07000000001,9378.730000000001,6408.320000000001,20569.060000000005,10805.56,10576.780000000002,318613.44999999995,323586.04,227635.35999999993,47563.12000000001,41951.40000000001,45930.860000000015
2022-2023,2022,42,42 LOIRE,181.0,1123.0289000000005,6937.7800000000025,18192.64,795.2,4790.51,4843.219999999999,593.6000000000001,1106.6200000000001,1232.6699999999998,531.22,39023.46000000001,39838.64000000001,25925.620000000003,10227.33,2870.51,1920.0200000000002
2022-2023,2022,43,43 HAUTE-LOIRE,5.0,5.151000000000001,0.0,0.0,0.0,0.0,0.0,0.0,16.75,31.0,28.5,76.25,76.25,0.0,0.0,76.25,28.5
2022-2023,2022,44,44 LOIRE-ATLANTIQUE,413.0,9553.278800000007,252315.93000000002,841.88,1448.18,58517.02999999999,12012.169999999996,19063.75,47726.80000000001,8266.62,28511.78000000001,429174.17,437498.12,254605.99000000002,89592.94999999998,84505.20000000003,49023.71000000001
2022-2023,2022,45,45 LOIRET,17.0,109.77120000000001,1538.7,1551.3,393.0,159.5,132.1,141.0,166.45999999999998,538.51,124.4,4744.969999999999,4831.49,3483.0,432.6,829.37,658.4
2022-2023,2022,46,46 LOT,303.0,4811.9239,0.0,137877.69999999998,1163.04,4602.349999999999,47483.97999999999,15799.339999999998,890.5,8356.29,1947.9599999999998,222928.93999999997,228536.25999999998,139040.74,67885.66999999998,11194.75,18910.339999999997
2022-2023,2022,47,47 LOT-ET-GARONNE,438.0,6110.647799999997,19431.930000000004,98306.12999999993,37098.66999999999,46561.25,19657.489999999998,21865.259999999995,13463.19,10248.639999999996,3138.88,270990.2499999999,275531.9899999999,154836.72999999992,88083.99999999999,26850.709999999995,62102.80999999998
2022-2023,2022,48,48 LOZERE,5.0,15.8158,0.0,0.0,0.0,86.82000000000001,319.09000000000003,42.78,15.05,14.029999999999998,0.41,478.18000000000006,490.27000000000004,0.0,448.69000000000005,29.49,43.19
2022-2023,2022,49,49 MAINE-ET-LOIRE,933.0,20382.656100000037,297931.6699999999,129847.49999999996,415665.2299999995,39803.80999999999,10076.58,8888.289999999997,27590.869999999995,15213.92,16594.95,965727.6799999994,983143.4799999994,843444.3999999994,58768.67999999999,59399.73999999999,441148.4699999995
2022-2023,2022,50,50 MANCHE,2.0,1.8459,0.0,0.0,0.0,0.0,0.0,0.0,4.1,0.0,0.0,4.1,4.1,0.0,0.0,4.1,0.0
2022-2023,2022,51,51 MARNE,11692.0,20072.904799999975,1766028.8199999987,0.0,0.0,0.0,0.0,0.0,0.0,0.0,0.0,1766028.8199999987,1955891.569999999,1766028.8199999987,0.0,0.0,0.0
2022-2023,2022,52,52 HAUTE-MARNE,27.0,95.91239999999999,4221.94,0.0,0.0,934.5,845.1,197.5,627.04,106.1,165.76,7097.9400000000005,7423.200000000001,4221.94,1977.1,898.9,363.26
2022-2023,2022,53,53 MAYENNE,2.0,1.6799000000000002,0.0,0.0,0.0,0.0,0.0,0.0,22.7,10.2,0.0,32.9,32.9,0.0,0.0,32.9,0.0
2022-2023,2022,54,54 MEURTHE-ET-MOSELLE,27.0,112.0381,1008.9899999999999,873.84,1891.01,176.2,15.6,76.8,614.19,227.89,644.78,5529.3,5623.17,3773.84,268.59999999999997,1486.8600000000001,2612.59
2022-2023,2022,55,55 MEUSE,7.0,45.770800000000015,0.0,0.0,0.0,1234.3999999999999,764.0,472.83,459.43,2.8,193.70000000000002,3127.16,3193.56,0.0,2471.23,655.9300000000001,666.53
2022-2023,2022,56,56 MORBIHAN,2.0,12.4925,185.0,0.0,0.0,0.0,0.0,0.0,52.0,0.0,5.5,242.5,242.5,185.0,0.0,57.5,5.5
2022-2023,2022,57,57 MOSELLE,25.0,97.15019999999998,1441.5599999999997,876.8,198.83999999999997,353.5,33.0,45.5,1517.02,260.78999999999996,89.58000000000001,4816.589999999999,4872.369999999999,2517.2,432.0,1867.3899999999999,333.91999999999996
2022-2023,2022,58,58 NIEVRE,139.0,1568.8774000000005,85349.37,1969.1699999999998,480.27,1957.46,1033.9,184.3,1065.3,209.6,56.0,92376.87000000001,92531.82,87798.81,3175.6600000000003,1330.8999999999999,720.5699999999999
2022-2023,2022,60,60 OISE,1.0,0.3085,0.0,0.0,0.0,0.0,0.0,0.0,16.22,2.05,1.95,20.22,23.38,0.0,0.0,20.22,1.95
2022-2023,2022,62,62 PAS-DE-CALAIS,6.0,10.7319,0.0,0.0,0.0,0.0,0.0,0.0,200.9,0.0,0.0,200.9,201.0,0.0,0.0,200.9,0.0
2022-2023,2022,63,63 PUY-DE-DOME,129.0,419.49250000000006,1490.3799999999999,5861.779999999996,1741.2600000000002,1039.5300000000002,2782.9400000000005,415.13,644.8699999999999,1783.3200000000004,510.26,16269.469999999996,16483.289999999997,9093.419999999996,4237.6,2938.4500000000007,2666.6500000000005
2022-2023,2022,64,64 PYRENEES-ATLANTIQUES,467.0,2627.2721000000006,55844.55000000002,20460.81,4755.62,393.7,2516.3,363.02000000000004,1245.8799999999999,701.34,766.6700000000005,87047.89000000001,87919.14000000001,81060.98000000001,3273.02,2713.8900000000003,5885.310000000001
2022-2023,2022,65,65 HAUTES-PYRENEES,38.0,216.95000000000002,1061.17,4130.89,375.0,554.0,769.75,572.14,11.35,291.59999999999997,6.0,7771.9000000000015,7848.120000000002,5567.06,1895.8899999999999,308.95,953.14
2022-2023,2022,66,66 PYRENEES-ORIENTALES,2009.0,18880.52529999999,64446.38,149260.04999999993,82874.70999999999,72386.04,100144.18000000004,67564.11999999995,10083.490000000002,12074.339999999991,4039.3599999999997,562872.6699999998,576994.7799999998,296581.1399999999,240094.33999999997,26197.189999999995,154478.18999999994
2022-2023,2022,67,67 BAS-RHIN,1367.0,6695.546199999991,353634.08000000013,4724.319999999999,42166.56999999998,0.0,0.0,0.0,3070.6800000000003,760.99,113.87,407530.4600000001,419812.4000000001,400524.9700000001,0.0,3945.54,42280.43999999998
2022-2023,2022,68,68 HAUT-RHIN,1817.0,8973.337000000036,461161.0799999987,8460.04,49459.41999999997,0.0,0.0,0.0,3768.0400000000004,434.1499999999999,354.38000000000005,531755.1999999987,542403.5999999987,519080.53999999864,0.0,4556.570000000001,49813.79999999997
2022-2023,2022,69,69 RHONE,2018.0,14971.787900000045,129716.59999999998,477065.22000000085,12374.270000000002,1505.68,2534.4600000000005,288.85,3589.88,7513.41,3185.2599999999993,639627.8700000008,670810.9800000008,619156.0900000008,4328.990000000001,14288.55,15848.380000000001
2022-2023,2022,70,70 HAUTE-SAONE,9.0,86.88589999999999,0.0,0.0,0.0,1506.35,1060.25,166.5,528.02,244.42,24.45,3529.99,3580.04,0.0,2733.1,796.89,190.95
2022-2023,2022,71,71 SAONE-ET-LOIRE,1660.0,13228.9083,535074.2299999985,191072.65000000008,2280.7499999999995,383.86999999999995,252.75,11.3,10258.460000000001,1279.4699999999998,359.56,766567.0899999986,787477.6899999987,728427.6299999985,647.9199999999998,11897.49,2651.6099999999997
2022-2023,2022,72,72 SARTHE,44.0,215.23499999999996,3908.5000000000005,1574.6899999999998,440.4,369.7,204.6,174.8,874.23,824.0399999999998,469.05,8840.009999999998,9106.549999999997,5923.59,749.0999999999999,2167.32,1084.25
2022-2023,2022,73,73 SAVOIE,312.0,1876.041499999997,68726.21999999999,17041.969999999998,4417.120000000001,4380.6,1069.12,450.63,5498.58,1020.5200000000001,1193.7500000000002,105442.97,107003.91,90185.30999999998,5900.35,7712.85,6061.500000000001
2022-2023,2022,74,74 HAUTE-SAVOIE,59.0,234.6116,4313.6,695.32,80.7,751.43,221.0,27.0,2846.74,1956.6200000000001,29.0,10921.410000000002,10982.140000000001,5089.62,999.43,4832.36,136.7
2022-2023,2022,76,76 SEINE-MARITIME,3.0,0.9899999999999999,0.0,0.0,0.0,0.0,0.0,0.0,17.65,0.0,0.0,17.65,17.65,0.0,0.0,17.65,0.0
2022-2023,2022,77,77 SEINE-ET-MARNE,19.0,43.32840000000001,2539.2999999999997,0.0,0.0,96.85,66.05,0.0,3.4,0.0,0.0,2705.6,2821.21,2539.2999999999997,162.89999999999998,3.4,0.0
2022-2023,2022,78,78 YVELINES,5.0,3.2995,0.0,0.0,0.0,30.0,30.5,0.0,48.64,3.6,0.0,112.74,112.85,0.0,60.5,52.24,0.0
2022-2023,2022,79,79 DEUX-SEVRES,48.0,792.5447999999999,12355.65,1584.74,22662.469999999998,1914.34,111.97,521.41,1339.0000000000002,174.39999999999998,565.44,42205.14000000001,42807.840000000004,36602.86,2547.72,2078.84,23749.319999999996
2022-2023,2022,80,80 SOMME,5.0,12.398399999999999,0.0,0.0,0.0,0.0,0.0,0.0,454.69999999999993,0.0,48.6,503.29999999999995,503.29999999999995,0.0,0.0,503.29999999999995,48.6
2022-2023,2022,81,81 TARN,359.0,6273.609899999995,27512.769999999993,61817.17999999999,14254.809999999998,74476.37999999996,86685.52999999997,37699.139999999985,15271.72,18957.52999999999,9339.58,346255.6199999999,353686.1899999999,103584.75999999998,198861.0499999999,43568.829999999994,61293.529999999984
2022-2023,2022,82,82 TARN-ET-GARONNE,147.0,1449.4011,0.0,17826.189999999995,11898.95,3008.54,12438.820000000002,22982.35,565.74,4448.73,2351.37,75520.69,77627.83,29725.139999999996,38429.71,7365.839999999999,37232.670000000006
2022-2023,2022,83,83 VAR,3076.0,28279.15230000002,48680.680000000044,52256.72999999999,897081.49,29968.780000000002,33440.71999999999,270360.46999999974,2946.9999999999995,3639.1400000000003,10138.279999999999,1351688.5699999998,1414879.4499999997,998018.9,333769.96999999974,16724.42,1177580.2399999998
2022-2023,2022,84,84 VAUCLUSE,3396.0,45256.001300000105,99070.0499999999,1036026.4700000002,193583.98000000013,99072.27999999998,194091.57000000015,268378.6799999998,8725.09,34336.43000000001,12544.489999999998,1957929.8900000004,2013667.7300000002,1328680.5000000002,561542.53,55606.01,474507.1499999999
2022-2023,2022,85,85 VENDEE,35.0,947.9668,7225.5,5031.360000000001,4590.37,5456.28,3937.0499999999997,4767.7,2596.12,1448.49,1797.5,36850.369999999995,37791.509999999995,16847.23,14161.029999999999,5842.11,11155.57
2022-2023,2022,86,86 VIENNE,117.0,1161.9672999999998,15858.709999999992,2533.81,7579.840000000003,15984.720000000007,2987.25,2211.54,733.4200000000002,1134.01,824.1300000000001,49872.33,50353.380000000005,25972.359999999997,21183.51000000001,2691.5600000000004,10615.510000000002
2022-2023,2022,87,87 HAUTE-VIENNE,2.0,6.959300000000001,0.0,0.0,0.0,50.0,75.0,30.0,39.0,6.0,0.0,200.0,212.0,0.0,155.0,45.0,30.0
2022-2023,2022,88,88 VOSGES,40.0,4.796099999999999,0.0,0.0,0.0,0.0,0.0,0.0,5.4,169.59,0.0,174.99,175.59,0.0,0.0,174.99,0.0
2022-2023,2022,89,89 YONNE,812.0,8299.386700000003,422779.25000000047,40219.57999999998,2431.8500000000004,567.63,245.87,15.5,908.7800000000001,520.8299999999999,200.31000000000003,507456.78000000044,517778.9400000004,465430.6800000004,829.0,1629.92,2647.6600000000003
2022-2023,2022,91,91 ESSONNE,2.0,4.0202,0.0,0.0,0.0,95.0,43.0,0.0,0.0,0.0,0.0,138.0,138.0,0.0,138.0,0.0,0.0
2022-2023,2022,92,92 VAL DE SEINE,3.0,1.1794,0.0,0.0,0.0,1.2,0.0,0.0,45.0,0.0,0.0,46.2,46.7,0.0,1.2,45.0,0.0
2022-2023,2022,93,93 SEINE SAINT DENIS,4.0,10.4821,0.0,0.0,0.0,166.95,269.5,0.0,2.2,0.0,0.0,438.65,439.5,0.0,436.45,2.2,0.0
2022-2023,2022,94,94 VAL DE MARNE,2.0,0.25470000000000004,0.0,0.0,0.0,0.0,0.0,0.0,19.869999999999997,0.0,0.0,19.869999999999997,19.869999999999997,0.0,0.0,19.869999999999997,0.0
2022-2023,2022,95,95 VAL D'OISE,2.0,0.574,0.0,0.0,0.0,0.0,0.0,0.0,0.5,4.8,0.0,5.3,5.3999999999999995,0.0,0.0,5.3,0.0
2023-2024,2023,01,01 AIN,168.0,722.7399999999996,10043.56,3640.0699999999997,9978.910000000002,1090.04,245.72,120.49,3845.169999999999,2032.73,3705.94,34702.630000000005,34980.85999999999,23662.54,1456.25,9583.84,13805.340000000002
2023-2024,2023,02,02 AISNE,863.0,2481.4584999999984,226929.89000000033,0.0,0.0,0.0,0.0,0.0,1704.67,1.9100000000000001,17.49,228653.96000000034,237324.65999999997,226929.89000000033,0.0,1724.0700000000002,17.49
2023-2024,2023,03,03 ALLIER,59.0,588.4857999999999,7828.82,13847.349999999999,2045.79,808.79,452.53,8.5,419.06,385.81,709.0,26956.52,27877.52000000002,23721.96,1269.82,1513.87,2763.29
2023-2024,2023,04,04 ALPES DE HAUTES-PROVENCE,60.0,728.1392999999999,1803.51,3010.6899999999996,5277.91,3611.3900000000003,3591.89,12453.829999999996,564.7,716.45,2348.0,33378.369999999995,34392.38999999999,10092.11,19657.109999999997,3629.15,20079.739999999998
2023-2024,2023,05,05 HAUTES-ALPES,63.0,138.37499999999994,0.0,0.0,0.0,1679.17,3106.86,1390.51,155.0,56.3,0.0,6387.840000000001,6563.94,0.0,6176.540000000001,211.3,1390.51
2023-2024,2023,06,06 ALPES-MARITIMES,19.0,80.6856,517.5,573.0,246.54999999999998,292.75,477.95,195.9,27.5,30.65,0.0,2361.8,2386.1000000000004,1337.05,966.6,58.15,442.45
2023-2024,2023,07,07 ARDECHE,1312.0,10308.566400000003,12862.55,84475.87000000007,3629.94,96529.13999999997,133713.34,159413.78999999975,7434.56,13982.28,1637.5899999999995,514027.01999999984,526239.9400000003,100968.36000000007,389656.2699999997,23054.43,164681.31999999975
2023-2024,2023,08,08 ARDENNES,2.0,1.371,0.0,0.0,0.0,0.0,0.0,0.0,1.8,8.9,0.0,10.700000000000001,10.700000000000001,0.0,0.0,10.700000000000001,0.0
2023-2024,2023,09,09 ARIEGE,15.0,69.2128,0.0,0.0,0.0,53.5,538.5,107.0,31.4,39.15,0.0,769.55,803.1,0.0,699.0,70.55,107.0
2023-2024,2023,10,10 AUBE,2635.0,6954.045100000015,642755.7100000014,0.0,0.0,0.0,0.0,0.0,5.0,0.0,0.0,642760.7100000014,682359.4100000001,642755.7100000014,0.0,5.0,0.0
2023-2024,2023,11,11 AUDE,4357.0,62565.270899999916,107109.29999999993,342834.73000000004,64655.51000000005,659049.8200000001,1306574.5999999999,407648.3500000005,119946.54000000005,153822.47000000003,17945.83,3179800.630000001,3220119.98,514599.54000000004,2373272.7700000005,291714.8400000001,490249.6900000006
2023-2024,2023,12,12 AVEYRON,105.0,398.61499999999995,185.66,5868.310000000001,1183.38,404.43,1063.79,216.6,29.549999999999997,316.85999999999996,117.85,9386.430000000002,9564.040000000003,7237.350000000001,1684.82,464.26,1517.83
2023-2024,2023,13,13 BOUCHES-DU-RHONE,965.0,11344.077999999996,31435.96999999999,26114.889999999996,297810.41,34381.97000000001,46080.14000000001,208868.0200000002,6378.06,2309.8199999999997,19453.070000000007,672872.3500000001,704321.8000000004,355361.26999999996,289330.13000000024,28140.950000000008,526131.5000000002
2023-2024,2023,14,14 CALVADOS,1.0,7.1907,0.0,0.0,0.0,158.04,141.7,0.0,0.0,0.0,0.0,299.74,309.72,0.0,299.74,0.0,0.0
2023-2024,2023,15,15 CANTAL,5.0,11.9861,12.5,50.5,17.5,18.8,26.6,0.0,23.5,32.6,8.0,190.0,196.5,80.5,45.400000000000006,64.1,25.5
2023-2024,2023,16,16 CHARENTE,1980.0,46379.394300000036,2537.04,2541.4000000000005,0.0,5241.06,10369.49,786.5,60049.12000000002,9034.960000000001,2880.49,6200483.86,6272171.889999993,5078.4400000000005,16397.05,71964.57000000002,3666.99
2023-2024,2023,17,17 CHARENTE-MARITIME,2473.0,47724.05459999992,18014.05,30405.179999999997,632.43,29185.989999999994,29333.979999999992,16738.930000000004,201661.28999999992,24392.23000000001,3336.3100000000004,6445108.029999995,6730513.929999986,49051.659999999996,75258.9,229389.82999999993,20707.670000000006
2023-2024,2023,18,18 CHER,446.0,4516.788999999998,223626.17000000004,36143.020000000004,13215.739999999998,3446.8100000000004,1217.8,518.4200000000001,1298.23,647.66,2556.92,298328.1,300206.97,272984.93000000005,5183.030000000001,4502.8099999999995,16291.079999999998
2023-2024,2023,19,19 CORREZE,35.0,83.41329999999999,378.2,199.94,0.0,453.40000000000003,297.55,421.58,153.02999999999997,169.15000000000003,2.3,2075.15,2138.0300000000007,578.14,1172.53,324.48,423.88
2023-2024,2023,21,21 COTE-D'OR,1362.0,9894.129900000076,210300.15999999823,305281.83999999875,2074.67,965.3199999999998,590.0399999999998,75.45,2550.3399999999997,2008.9199999999996,273.41999999999996,530651.309999997,543761.8300000015,517656.66999999696,1630.8099999999997,4832.679999999999,2423.54
2023-2024,2023,22,22 COTE D'ARMOR,2.0,3.1,0.0,0.0,0.0,0.0,0.0,0.0,27.5,0.0,4.0,31.5,31.5,0.0,0.0,31.5,4.0
2023-2024,2023,23,23 CREUSE,2.0,1.8502,0.0,0.0,0.0,0.0,0.0,0.0,30.8,74.55,0.0,105.35,105.35,0.0,0.0,105.35,0.0
2023-2024,2023,24,24 DORDOGNE,548.0,10798.821200000004,170004.33000000002,113974.23999999992,49753.83000000001,9046.63,9569.78,4986.759999999999,6898.36,7332.710000000001,3096.5200000000004,382821.58,393295.5100000006,333732.39999999997,23603.17,17327.59,57837.110000000015
2023-2024,2023,25,25 DOUBS,11.0,22.9891,126.82,17.27,189.92,449.01,38.3,8.0,284.71999999999997,49.99,11.3,1175.33,1196.7900000000002,334.01,495.31,346.01,209.22
2023-2024,2023,26,26 DROME,1413.0,16402.423700000003,102582.81999999999,366184.4999999996,37716.80000000002,21272.399999999994,53429.49,49015.18,3746.32,5491.4,1165.8000000000006,643825.7299999997,661418.2300000021,506484.11999999965,123717.06999999998,10403.52,87897.78000000001
2023-2024,2023,27,27 EURE,1.0,1.6800000000000002,0.0,0.0,0.0,0.0,0.0,0.0,46.510000000000005,0.0,10.38,56.89000000000001,57.47,0.0,0.0,56.89000000000001,10.38
2023-2024,2023,28,28 EURE-ET-LOIR,1.0,0.99,0.0,0.0,0.0,0.0,0.0,0.0,16.95,44.0,6.25,67.2,67.2,0.0,0.0,67.2,6.25
2023-2024,2023,30,30 GARD,3133.0,51517.47129999999,72905.12999999996,480562.4400000006,198429.6400000005,411772.2900000006,782733.0300000011,720724.3799999978,64395.21000000003,102161.24000000009,61923.14999999999,2915068.5800000005,3002397.070000008,751897.210000001,1915229.6999999995,228479.60000000012,981077.1699999983
2023-2024,2023,31,31 HAUTE-GARONNE,78.0,1272.001,0.0,7017.409999999998,7580.81,1262.02,9352.8,12761.969999999994,442.27,831.0799999999999,330.0,39578.35999999999,40495.5,14598.219999999998,23376.789999999994,1603.35,20672.779999999995
2023-2024,2023,32,32 GERS,836.0,20382.149400000042,13530.529999999999,17966.160000000003,13329.839999999997,909766.0200000003,42326.33000000002,63530.93000000001,237237.29,2923.629999999999,6923.370000000003,1441135.5800000003,1455048.4699999986,44826.53,1015623.2800000004,247084.29,83784.14000000001
2023-2024,2023,33,33 GIRONDE,5180.0,109316.31879999975,571271.37,3102199.209999997,174496.62000000008,20248.070000000003,8826.770000000002,27832.47999999999,93714.51999999996,109575.44,74032.46000000008,4227248.639999998,4323646.220000012,3847967.1999999974,56907.31999999999,277322.42000000004,276361.5600000002
2023-2024,2023,34,34 HERAULT,6836.0,78835.59109999977,136074.53000000012,260990.02999999994,94355.74000000003,1022524.9199999992,1268603.4600000032,1156520.880000002,123398.61000000003,109021.98,38900.59,4210390.740000004,4241048.3599999985,491420.3000000001,3447649.2600000044,271321.18000000005,1289777.210000002
2023-2024,2023,35,35 ILLE ET VILAINE,1.0,3.8448,0.0,0.0,0.0,0.0,0.0,0.0,67.5,35.0,0.0,102.5,103.6,0.0,0.0,102.5,0.0
2023-2024,2023,36,36 INDRE,52.0,529.8369,14152.289999999999,5911.65,3013.9,3809.6600000000008,904.5500000000001,199.0,1994.9,1814.6,2446.9,34705.34,35469.090000000004,23077.84,4913.210000000001,6256.4,5659.8
2023-2024,2023,37,37 INDRE-ET-LOIRE,644.0,9838.753700000008,199860.41999999995,198479.14000000007,31710.40000000001,5018.150000000001,2346.39,1638.22,44577.17,10542.669999999998,20045.769999999993,527993.11,540696.6900000004,430049.9600000001,9002.76,75165.60999999999,53394.39
2023-2024,2023,38,38 ISERE,75.0,266.59939999999995,6189.309999999997,691.9899999999999,130.0,951.83,1111.0399999999997,52.2,1200.19,264.93,129.2,10723.749999999998,10821.339999999997,7011.2999999999965,2115.0699999999997,1594.3200000000002,311.4
2023-2024,2023,39,39 JURA,421.0,2184.5613000000008,88514.26999999997,22982.089999999997,3292.3499999999995,163.64,79.9,0.0,2632.559999999999,1415.6999999999998,89.77000000000001,119170.27999999997,121776.37999999996,114788.70999999998,243.54,4138.029999999999,3382.1199999999994
2023-2024,2023,40,40 LANDES,176.0,1576.3010000000004,2055.7300000000005,4385.039999999999,3043.9300000000003,20409.30999999999,4635.09,5865.92,4169.4800000000005,165.9,169.0,73005.51,99401.61999999995,9484.7,30910.319999999992,4504.38,9078.85
2023-2024,2023,41,41 LOIR-ET-CHER,368.0,6365.755100000002,192089.65999999995,43185.14000000001,32725.54999999999,47064.159999999996,8884.2,6382.299999999999,38602.28,10745.700000000003,17008.95,404156.36,410967.78000000014,268000.35,62330.66,66356.93000000001,56116.79999999999
2023-2024,2023,42,42 LOIRE,178.0,1106.6537999999998,7521.509999999999,18759.339999999997,795.46,5604.059999999999,5095.000000000001,822.31,1132.3,1325.9799999999998,571.68,41627.64,42330.92,27076.309999999994,11521.369999999999,3029.9599999999996,2189.45
2023-2024,2023,43,43 HAUTE-LOIRE,6.0,7.5522,0.0,0.0,0.0,0.0,0.0,0.0,15.53,104.87,16.8,137.20000000000002,137.20000000000002,0.0,0.0,137.20000000000002,16.8
2023-2024,2023,44,44 LOIRE-ATLANTIQUE,385.0,9312.391200000002,281535.5799999999,910.0,1899.29,76291.26000000001,14007.960000000008,22384.429999999993,66110.95,11489.509999999998,39307.759999999995,515815.5999999999,525163.7900000003,284344.8699999999,112683.65000000001,116908.21999999999,63591.47999999999
2023-2024,2023,45,45 LOIRET,18.0,112.87610000000001,1526.7,1416.25,398.0,182.39,94.12,23.0,89.71000000000001,424.51,108.75,4263.429999999999,4348.52,3340.95,299.51,622.97,529.75
2023-2024,2023,46,46 LOT,289.0,4693.8129,0.0,63847.05000000001,736.31,4853.23,18228.459999999992,9102.54,800.75,3791.2599999999998,1532.8400000000001,102929.58999999998,105491.3200000001,64583.36000000001,32184.229999999992,6124.85,11371.69
2023-2024,2023,47,47 LOT-ET-GARONNE,425.0,6009.098200000001,24099.230000000003,76736.32999999999,36405.33,63106.909999999996,17453.350000000002,19217.219999999998,16879.34,7911.860000000001,2803.8199999999997,267581.9,275455.65999999986,137240.89,99777.48,27595.02,58426.37
2023-2024,2023,48,48 LOZERE,5.0,15.383799999999999,0.0,0.0,0.0,70.7,353.13,38.94,2.25,14.05,0.34,479.40999999999997,489.78999999999996,0.0,462.77,16.64,39.28
2023-2024,2023,49,49 MAINE-ET-LOIRE,913.0,19591.6171,375837.55000000005,145559.45999999996,439168.35999999964,52313.14000000001,11859.28,13939.500000000002,44576.67000000001,19953.780000000002,38310.780000000006,1180203.9699999995,1211188.430000001,960565.3699999996,78111.92000000001,102841.23000000001,491418.63999999966
2023-2024,2023,50,50 MANCHE,3.0,3.0355,0.0,0.0,0.0,0.0,0.0,0.0,1.2000000000000002,0.0,0.0,1.2000000000000002,32.9,0.0,0.0,1.2000000000000002,0.0
2023-2024,2023,51,51 MARNE,11844.0,21875.932799999988,1980322.3600000013,85.46,0.0,0.0,0.0,0.0,3.6,7.8500000000000005,0.0,1980419.2700000014,2151837.8599999854,1980407.8200000012,0.0,11.450000000000001,0.0
2023-2024,2023,52,52 HAUTE-MARNE,29.0,104.80040000000001,4979.1,0.0,0.0,1287.37,905.61,216.5,525.0,141.2,125.88,8180.66,8708.81,4979.1,2409.48,792.08,342.38
2023-2024,2023,53,53 MAYENNE,3.0,1.7999000000000003,0.0,0.0,0.0,0.0,0.0,0.0,36.769999999999996,22.75,5.0,64.52,64.52,0.0,0.0,64.52,5.0
2023-2024,2023,54,54 MEURTHE-ET-MOSELLE,28.0,115.0329,710.4199999999998,567.1500000000001,1249.47,133.8,0.0,143.5,509.91,160.6,353.93,3828.7799999999997,3893.070000000002,2527.04,277.3,1024.44,1746.9
2023-2024,2023,55,55 MEUSE,7.0,46.3308,0.0,0.0,0.0,1593.29,647.29,455.75,477.8,9.3,195.0,3378.4300000000003,3425.5700000000006,0.0,2696.33,682.1,650.75
2023-2024,2023,56,56 MORBIHAN,6.0,17.1286,260.0,0.0,0.0,0.0,0.0,0.0,243.39999999999998,7.0,76.9,587.3,589.1,260.0,0.0,327.29999999999995,76.9
2023-2024,2023,57,57 MOSELLE,24.0,94.5986,1094.1599999999999,539.2,119.0,377.5,0.0,23.0,1043.8000000000002,62.26,104.83,3363.75,3413.2199999999993,1752.36,400.5,1210.89,246.82999999999998
2023-2024,2023,58,58 NIEVRE,134.0,1582.3988000000004,90609.81000000001,2225.92,484.13000000000005,2584.0600000000004,1138.0,260.26,2456.0099999999998,237.9,109.7,100214.79,101440.73000000005,93319.86000000002,3982.3200000000006,2803.6099999999997,854.0900000000001
2023-2024,2023,59,59 NORD,6.0,9.1646,0.0,0.0,0.0,0.0,0.0,0.0,189.01,12.76,41.0,242.76999999999998,242.76999999999998,0.0,0.0,242.76999999999998,41.0
2023-2024,2023,60,60 OISE,3.0,1.7985000000000002,0.0,0.0,0.0,0.0,0.0,0.0,34.61,0.0,5.2,39.81,45.57,0.0,0.0,39.81,5.2
2023-2024,2023,61,61 ORNE,1.0,0.12,0.0,0.0,0.0,0.0,0.0,0.0,1.2,1.2,0.0,2.4,2.9,0.0,0.0,2.4,0.0
2023-2024,2023,62,62 PAS-DE-CALAIS,11.0,17.0387,0.0,0.0,0.0,0.0,0.0,0.0,833.3199999999999,0.0,0.0,833.3199999999999,838.56,0.0,0.0,833.3199999999999,0.0
2023-2024,2023,63,63 PUY-DE-DOME,132.0,433.8962,1128.8000000000002,5135.629999999998,1272.1800000000003,938.34,2827.1300000000006,233.70000000000002,506.7000000000001,1664.8000000000004,347.89000000000004,14055.170000000002,14236.780000000004,7536.609999999999,3999.1700000000005,2519.3900000000003,1853.7700000000004
2023-2024,2023,64,64 PYRENEES-ATLANTIQUES,444.0,2529.5741000000016,51344.51000000001,15708.670000000011,4959.549999999998,570.28,224.66000000000003,647.1700000000001,961.65,2201.249999999999,603.5899999999998,77221.33000000002,77722.21999999997,72012.73000000003,1442.1100000000001,3766.489999999999,6210.309999999999
2023-2024,2023,65,65 HAUTES-PYRENEES,31.0,209.63530000000003,856.49,2469.55,303.98999999999995,601.8199999999999,572.63,364.81,5.0,56.0,0.0,5230.29,5286.5599999999995,3630.0299999999997,1539.2599999999998,61.0,668.8
2023-2024,2023,66,66 PYRENEES-ORIENTALES,1920.0,18303.454899999993,63247.34000000006,121823.22999999992,68404.99000000002,61798.59000000002,94312.33000000006,45257.20000000003,10256.220000000001,10141.280000000006,1621.3799999999999,476865.5600000002,487232.409999999,253475.56,201368.1200000001,22018.88000000001,115283.57000000007
2023-2024,2023,67,67 BAS-RHIN,1312.0,6698.391399999998,396316.17000000074,5007.81,50784.540000000045,0.0,0.0,0.0,4938.169999999998,1301.4599999999998,172.68,469744.2200000007,484100.3600000012,452108.5200000008,0.0,6412.309999999999,50957.220000000045
2023-2024,2023,68,68 HAUT-RHIN,1752.0,8938.195499999978,490215.6200000006,8623.200000000003,57594.48999999997,0.0,0.0,0.0,4182.64,435.6600000000001,210.1,574598.8400000005,583228.9199999964,556433.3100000005,0.0,4828.400000000001,57804.58999999997
2023-2024,2023,69,69 RHONE,1960.0,14842.372100000035,151669.0099999998,548939.5100000009,13130.870000000003,2082.17,2714.06,327.59999999999997,4204.419999999999,9981.000000000004,3187.7,745009.3800000008,789866.3300000015,713739.3900000007,5123.83,17373.120000000003,16646.170000000002
2023-2024,2023,70,70 HAUTE-SAONE,8.0,86.26100000000001,0.0,0.0,0.0,1737.2,1891.2,260.0,723.25,499.5,39.2,5150.349999999999,5207.349999999999,0.0,3888.4,1261.95,299.2
2023-2024,2023,71,71 SAONE-ET-LOIRE,1632.0,13274.605700000013,560487.6700000006,209260.6699999996,2159.37,427.09,308.45000000000005,68.2,14327.310000000005,976.33,860.8100000000001,833012.4600000001,863363.9099999997,771907.7100000002,803.74,16164.450000000004,3088.3799999999997
2023-2024,2023,72,72 SARTHE,44.0,223.3469,4768.17,1599.9299999999998,435.75,298.0,272.05,133.0,1035.71,835.8900000000002,363.3499999999999,9741.85,10075.310000000005,6803.85,703.05,2234.9500000000003,932.0999999999999
2023-2024,2023,73,73 SAVOIE,305.0,1868.7340999999997,67094.33000000003,20529.500000000015,4754.219999999999,4154.91,1126.7099999999998,392.4,4044.27,1167.79,1290.2,105957.04000000005,107117.51999999999,92378.05000000005,5674.0199999999995,6502.259999999999,6436.819999999999
2023-2024,2023,74,74 HAUTE-SAVOIE,58.0,235.14540000000002,4396.33,573.1500000000001,69.0,677.1,97.75,16.5,2440.2499999999995,1781.9999999999998,43.0,10191.08,10248.48,5038.48,791.35,4265.249999999999,128.5
2023-2024,2023,76,76 SEINE-MARITIME,3.0,2.4712,0.0,0.0,0.0,0.0,0.0,0.0,26.509999999999998,0.0,0.0,26.509999999999998,26.509999999999998,0.0,0.0,26.509999999999998,0.0
2023-2024,2023,77,77 SEINE-ET-MARNE,28.0,52.6587,2810.57,0.0,0.0,359.7699999999999,123.15,5.0,5.5,1.1300000000000001,0.0,3305.1200000000003,3467.400000000001,2810.57,487.91999999999996,6.63,5.0
2023-2024,2023,78,78 YVELINES,5.0,3.2995,0.0,0.0,0.0,57.5,52.0,0.0,48.91,4.5,0.0,162.91,163.11,0.0,109.5,53.41,0.0
2023-2024,2023,79,79 DEUX-SEVRES,47.0,808.3872999999996,15056.27,1734.9,26150.319999999996,1479.92,270.96000000000004,544.53,3157.6999999999994,240.75000000000003,917.41,52036.34,53179.52000000002,42941.49,2295.41,4315.86,27612.259999999995
2023-2024,2023,80,80 SOMME,10.0,22.259500000000003,0.0,0.0,0.0,0.0,0.0,0.0,1096.59,0.0,65.2,1161.79,1161.79,0.0,0.0,1161.79,65.2
2023-2024,2023,81,81 TARN,345.0,6180.1838000000025,28560.299999999996,54511.67000000003,13345.230000000005,54943.90999999999,74356.02999999993,32130.5,16028.670000000002,13129.090000000002,9573.570000000002,296578.97,302061.94000000024,96417.20000000004,161430.43999999992,38731.33,55049.3
2023-2024,2023,82,82 TARN-ET-GARONNE,134.0,1424.3258999999998,0.0,10706.0,6880.8600000000015,2946.68,8208.980000000001,9767.999999999996,531.2,2199.7400000000002,2370.16,43611.619999999995,44771.539999999964,17586.86,20923.659999999996,5101.1,19019.019999999997
2023-2024,2023,83,83 VAR,2989.0,28306.850600000016,51551.77,51581.399999999965,785607.42,28578.740000000016,24183.83,195053.82999999984,2080.66,3079.76,8111.379999999998,1151070.7999999996,1214643.8399999985,888740.59,247816.39999999985,13271.8,988772.6299999999
2023-2024,2023,84,84 VAUCLUSE,3268.0,45006.250999999866,108477.25000000001,943709.3799999994,172165.08,107495.25000000007,178715.93000000008,231566.62000000026,10764.35,43086.20999999997,13740.889999999996,1823573.0899999999,1878775.060000003,1224351.7099999995,517777.8000000004,67591.44999999997,417472.59000000026
2023-2024,2023,85,85 VENDEE,35.0,964.0186000000001,8967.5,6196.85,7276.7,6503.69,4590.27,5412.6,5362.41,2159.1,3301.72,49770.83999999999,51205.729999999996,22441.05,16506.559999999998,10823.23,15991.019999999999
2023-2024,2023,86,86 VIENNE,114.0,1162.8252999999997,21462.57,4841.639999999999,10516.73,24510.91,3653.2699999999995,2295.1900000000005,9330.200000000003,2452.7799999999997,2247.3199999999997,81817.88999999998,82753.61,36820.94,30459.370000000003,14030.300000000003,15059.24
2023-2024,2023,87,87 HAUTE-VIENNE,2.0,6.959300000000001,0.0,0.0,0.0,43.5,139.3,43.0,5.5,0.0,0.0,231.3,248.8,0.0,225.8,5.5,43.0
2023-2024,2023,88,88 VOSGES,40.0,5.649000000000001,0.0,0.0,0.0,0.0,0.0,0.0,10.25,110.2,0.0,120.45,120.95000000000003,0.0,0.0,120.45,0.0
2023-2024,2023,89,89 YONNE,807.0,8438.884899999997,447359.7599999997,44735.56000000001,2501.3999999999996,973.8499999999999,378.84000000000003,22.0,1534.42,733.76,225.05,564874.6999999997,600141.9800000016,494596.71999999974,1374.69,2493.2300000000005,2748.45
2023-2024,2023,91,91 ESSONNE,5.0,11.509199999999998,0.0,0.0,0.0,151.1,147.2,0.0,41.75,0.0,0.0,340.04999999999995,340.05000000000007,0.0,298.29999999999995,41.75,0.0
2023-2024,2023,92,92 VAL DE SEINE,4.0,2.1024,0.0,0.0,0.0,11.3,0.0,0.0,2.3,11.4,0.0,25.0,25.200000000000003,0.0,11.3,13.7,0.0
2023-2024,2023,93,93 SEINE SAINT DENIS,4.0,18.8201,0.0,0.0,0.0,193.32000000000002,281.2,0.0,1.35,0.0,0.0,475.87,477.12999999999994,0.0,474.52,1.35,0.0
2023-2024,2023,94,94 VAL DE MARNE,2.0,0.2547,0.0,0.0,0.0,0.0,0.0,0.0,18.65,0.0,0.0,18.65,18.65,0.0,0.0,18.65,0.0
2023-2024,2023,95,95 VAL D'OISE,5.0,1.1326999999999998,0.0,0.0,0.0,10.93,3.42,0.0,1.0,10.370000000000001,0.0,25.72,27.91,0.0,14.35,11.370000000000001,0.0
2024-2025,2024,01,01 AIN,154.0,720.4432000000002,6502.079999999999,2206.58,6372.23,876.18,211.23,80.98,2503.0599999999986,1172.1799999999996,1701.5900000000001,21626.109999999997,21773.65,15080.89,1168.3899999999999,5376.829999999998,8154.799999999999
2024-2025,2024,02,02 AISNE,858.0,2466.3793000000005,134496.9100000001,0.0,0.0,0.0,0.0,0.0,1006.4800000000001,2.6999999999999997,4.02,135510.1100000001,136504.75000000017,134496.9100000001,0.0,1013.2000000000002,4.02
2024-2025,2024,03,03 ALLIER,58.0,576.7846999999998,5552.620000000001,7804.239999999999,1429.4199999999998,270.0,132.3,0.0,471.76,141.79,171.8,15973.93,16360.870000000003,14786.28,402.3,785.3499999999999,1601.2199999999998
2024-2025,2024,04,04 ALPES DE HAUTES-PROVENCE,59.0,708.0697000000002,1777.6899999999998,3160.9500000000003,4832.740000000001,2656.51,1602.8,9313.26,312.2,152.06,1306.0,25114.210000000003,25949.270000000008,9771.380000000001,13572.57,1770.26,15452.0
2024-2025,2024,05,05 HAUTES-ALPES,63.0,142.7709,0.0,0.0,0.0,1204.63,1707.74,1302.3100000000004,26.68,36.55,0.0,4277.910000000001,4421.01,0.0,4214.68,63.23,1302.3100000000004
2024-2025,2024,06,06 ALPES-MARITIMES,19.0,86.8663,489.62,499.51,221.79,222.79000000000002,341.05,166.91,43.01,21.900000000000002,0.0,2006.5800000000002,2037.7399999999996,1210.92,730.75,64.91,388.7
2024-2025,2024,07,07 ARDECHE,1270.0,10283.739699999993,11496.96999999999,81860.47,2692.120000000001,91197.83999999998,126733.81999999995,156826.9600000001,6163.530000000001,10463.79,1092.69,489187.66000000003,499428.0399999996,96049.55999999998,374758.62,17720.01,160611.7700000001
2024-2025,2024,09,09 ARIEGE,17.0,65.0452,0.0,0.0,0.0,162.83,992.42,198.76,44.5,108.4,15.0,1521.91,1554.0200000000002,0.0,1354.01,167.9,213.76
2024-2025,2024,10,10 AUBE,2588.0,6808.573400000002,212906.0199999999,0.0,0.0,0.0,0.0,0.0,0.0,0.0,202.2,213108.2199999999,211604.55000000005,212906.0199999999,0.0,202.2,202.2
2024-2025,2024,11,11 AUDE,4159.0,61296.79219999992,100299.73000000003,224566.7699999999,55779.06000000002,579214.939999999,1003772.6300000005,446385.8799999997,67404.95000000001,92836.91000000005,14134.53,2584443.8099999996,2618966.559999984,380645.55999999994,2029373.449999999,174376.39000000004,516299.46999999974
2024-2025,2024,12,12 AVEYRON,99.0,390.0797,161.2,3118.36,1047.0400000000002,448.2399999999999,854.2900000000001,102.68,60.4,417.84999999999997,148.9,6358.96,6425.010000000002,4326.6,1405.21,627.15,1298.6200000000003
2024-2025,2024,13,13 BOUCHES-DU-RHONE,958.0,11520.456000000002,30935.139999999992,20622.480000000003,241639.14999999976,32057.479999999978,27784.149999999998,171960.52999999997,9888.18,1934.28,14568.69,551393.4599999998,575499.0500000005,293196.7699999998,231802.15999999995,26391.15,428168.3699999997
2024-2025,2024,14,14 CALVADOS,1.0,6.6,0.0,0.0,0.0,125.71000000000001,69.66,0.0,0.0,0.0,0.0,195.37,195.37,0.0,195.37,0.0,0.0
2024-2025,2024,15,15 CANTAL,4.0,7.0261,4.3,6.5,0.0,4.0,19.6,0.0,0.0,0.0,0.0,34.400000000000006,35.0,10.8,23.6,0.0,0.0
2024-2025,2024,16,16 CHARENTE,1955.0,47472.56419999983,2283.5700000000006,2543.6,0.0,3117.5300000000007,6716.540000000001,686.5,51976.23000000001,5625.75,1753.28,4014683.9299999974,4072780.1999999974,4827.17,10520.570000000002,59355.26000000001,2439.7799999999997
2024-2025,2024,17,17 CHARENTE-MARITIME,2461.0,49392.01099999992,18179.21,29293.02999999999,1112.4,21530.940000000002,18344.34999999999,8830.0,162910.96,11141.100000000002,4669.200000000001,4017508.759999999,4104834.8000000026,48584.63999999999,48705.28999999999,178721.26,14611.6
2024-2025,2024,18,18 CHER,436.0,4489.0226,166570.01999999996,20166.680000000004,7180.309999999999,1306.47,232.85999999999999,205.7,617.1600000000001,326.63000000000005,170.35000000000002,196776.17999999996,198018.85,193917.00999999995,1745.03,1114.1400000000003,7556.359999999999
2024-2025,2024,19,19 CORREZE,33.0,77.15169999999999,104.1,0.45,0.0,145.6,96.99,253.62999999999997,40.5,36.5,0.15,677.92,678.2699999999999,104.55,496.2199999999999,77.15,253.77999999999997
2024-2025,2024,21,21 COTE-D'OR,1356.0,9982.38089999997,126543.57999999824,132801.8699999968,527.06,210.42000000000002,76.92,1.0,557.3199999999999,414.71999999999997,26.02,261259.74999999505,263884.8399999958,259872.50999999503,288.34000000000003,998.06,554.0799999999999
2024-2025,2024,22,22 COTE D'ARMOR,4.0,5.7522,0.0,0.0,0.0,0.0,0.0,0.0,17.2,0.0,0.0,17.2,17.2,0.0,0.0,17.2,0.0
2024-2025,2024,23,23 CREUSE,3.0,2.1002,0.0,0.0,0.0,0.0,0.0,0.0,26.35,33.15,0.0,59.5,59.5,0.0,0.0,59.5,0.0
2024-2025,2024,24,24 DORDOGNE,521.0,10419.08619999999,125538.41000000002,107825.10999999999,41442.73999999999,8414.629999999997,9761.980000000001,5408.639999999999,4949.18,3845.09,2322.9,311778.44000000006,320129.3099999994,274806.26,23585.25,11117.17,49174.27999999999
2024-2025,2024,25,25 DOUBS,10.0,25.0226,78.10000000000001,35.82,0.0,118.0,2.25,0.0,50.94,11.95,5.449999999999999,302.51,321.1,113.92000000000002,120.25,68.34,5.449999999999999
2024-2025,2024,26,26 DROME,1361.0,16244.211600000015,84032.11999999997,344100.81000000046,36917.48999999999,15968.429999999991,44542.250000000015,49988.50000000004,5656.579999999999,4268.9800000000005,1489.85,589601.6500000004,608152.2299999993,465050.4200000004,110499.18000000005,11415.41,88395.84000000003
2024-2025,2024,27,27 EURE,3.0,4.158000000000001,0.0,0.0,0.0,0.0,0.0,0.0,32.58,5.5,14.5,52.58,52.7,0.0,0.0,52.58,14.5
2024-2025,2024,28,28 EURE-ET-LOIR,1.0,2.45,0.0,0.0,0.0,0.0,0.0,0.0,8.4,2.35,0.0,10.75,10.75,0.0,0.0,10.75,0.0
2024-2025,2024,29,29 FINISTERE,1.0,0.782,0.0,0.0,0.0,0.0,0.0,0.0,13.5,0.0,0.0,13.5,13.799999999999999,0.0,0.0,13.5,0.0
2024-2025,2024,30,30 GARD,2957.0,50141.49179999995,64310.0199999999,392017.6000000003,168391.94999999995,393177.38999999996,558696.4500000001,773610.4899999994,59721.520000000026,56799.74999999994,53679.39999999998,2523728.7899999996,2603191.2600000007,624719.5700000002,1725484.3299999996,170200.66999999993,995681.8399999994
2024-2025,2024,31,31 HAUTE-GARONNE,73.0,1224.0128,0.0,10756.52,7539.550000000001,1416.0900000000001,12002.53,23677.420000000002,638.15,1829.41,488.5,58348.170000000006,59504.670000000035,18296.07,37096.04,2956.06,31705.47
2024-2025,2024,32,32 GERS,813.0,20274.152600000012,16261.119999999995,29471.550000000014,15088.860000000002,735380.4199999996,61171.620000000024,89200.72000000006,86189.57999999999,4113.04,4362.789999999999,1170264.6599999997,1305842.779999997,60821.53000000001,885752.7599999997,94665.40999999997,108652.37000000005
2024-2025,2024,33,33 GIRONDE,4822.0,100739.8330999994,504392.3199999996,2676375.6399999987,148778.23000000004,13339.569999999998,14916.21,33771.95000000001,75798.00000000007,56319.57999999997,34099.38000000001,3568471.5099999984,3646298.2300000046,3329546.189999998,62027.73000000001,166216.96000000005,216649.56000000006
2024-2025,2024,34,34 HERAULT,6502.0,77963.46080000002,138306.80999999997,253482.78999999978,99708.69000000005,1033512.54,1146590.2600000035,1247393.3099999996,146991.11000000002,126007.62999999987,72486.06000000001,4264873.500000003,4362753.019999992,491498.2899999998,3427496.110000003,345484.7999999999,1419588.0599999996
2024-2025,2024,35,35 ILLE ET VILAINE,2.0,4.0448,0.0,0.0,0.0,0.0,0.0,0.0,114.75,58.5,3.02,176.27,179.76999999999998,0.0,0.0,176.27,3.02
2024-2025,2024,36,36 INDRE,49.0,531.9463000000003,9257.169999999998,3566.51,1830.2800000000002,2051.16,473.5,109.0,357.09999999999997,828.68,779.6,19252.999999999996,19532.939999999995,14653.96,2633.66,1965.38,2718.88
2024-2025,2024,37,37 INDRE-ET-LOIRE,617.0,9720.547400000007,121354.38000000002,180116.80000000013,21058.91,3765.5399999999995,1318.57,912.77,20452.49000000001,6194.460000000002,14369.439999999999,369821.61000000016,377025.38000000006,322530.09000000014,5996.879999999999,41016.390000000014,36341.119999999995
2024-2025,2024,38,38 ISERE,79.0,267.65759999999995,5008.63,692.7699999999999,83.5,923.28,1085.1200000000001,49.0,1193.8500000000001,344.21,175.58,9559.939999999999,9701.649999999998,5784.9,2057.4,1713.64,308.08000000000004
2024-2025,2024,39,39 JURA,389.0,2244.011599999998,25020.959999999992,7577.099999999995,824.56,32.5,20.0,0.0,709.2099999999999,428.97,10.36,34623.65999999999,35215.18999999994,33422.61999999999,52.5,1148.5399999999997,834.92
2024-2025,2024,40,40 LANDES,171.0,1635.8927999999999,1830.23,2417.3900000000003,4286.110000000001,15667.470000000001,6466.580000000001,7109.010000000001,3576.55,136.35000000000002,274.63,69191.03,89178.53000000001,8533.730000000001,29243.060000000005,3987.53,11669.750000000002
2024-2025,2024,41,41 LOIR-ET-CHER,348.0,6216.206899999999,120282.62000000008,23196.860000000004,19012.919999999987,25733.019999999986,4855.189999999999,3985.5699999999997,15992.360000000002,4177.790000000001,6287.2,223614.38000000012,226781.71999999997,162492.40000000008,34573.779999999984,26457.350000000002,29285.689999999988
2024-2025,2024,42,42 LOIRE,175.0,1099.9823000000001,6531.719999999998,17698.750000000004,498.94,4659.23,5321.53,1248.48,1009.1599999999999,1067.93,421.45,38457.189999999995,39038.07000000005,24729.41,11229.239999999998,2498.54,2168.87
2024-2025,2024,43,43 HAUTE-LOIRE,4.0,4.6764,0.0,0.0,0.0,0.0,0.0,0.0,38.75,17.25,0.0,56.0,56.0,0.0,0.0,56.0,0.0
2024-2025,2024,44,44 LOIRE-ATLANTIQUE,364.0,9019.851299999993,137322.95000000004,363.5,1747.4,46181.55000000001,7291.550000000001,15480.130000000001,35114.250000000015,6246.42,25589.859999999997,275337.6100000001,280429.93999999994,139433.85000000003,68953.23000000001,66950.53000000001,42817.39
2024-2025,2024,45,45 LOIRET,19.0,105.1539,934.29,698.1,215.8,81.0,12.75,134.85,40.6,143.05,103.97999999999999,2364.42,2403.27,1848.1899999999998,228.6,287.63,454.63
2024-2025,2024,46,46 LOT,280.0,4547.795600000002,0.0,45989.600000000006,999.12,2521.66,11262.500000000004,6977.16,914.9099999999999,3155.3200000000006,1171.99,72992.26000000002,74782.85999999999,46988.72000000001,20761.320000000003,5242.22,9148.27
2024-2025,2024,47,47 LOT-ET-GARONNE,408.0,5776.575199999997,22816.239999999998,61989.27999999996,37197.780000000006,54935.469999999994,18111.31,18053.619999999995,7603.500000000001,5839.780000000001,4059.59,232790.98999999993,237519.2000000001,122003.29999999996,91100.4,17502.870000000003,59310.990000000005
2024-2025,2024,48,48 LOZERE,6.0,15.856300000000001,0.0,0.0,0.0,50.879999999999995,242.07,29.68,8.5,8.15,1.0,340.28,346.86,0.0,322.63,17.65,30.68
2024-2025,2024,49,49 MAINE-ET-LOIRE,900.0,19565.211800000012,311361.7399999999,123905.94999999998,370196.8700000001,41382.57,9152.9,11056.64,36050.179999999986,13211.390000000001,33112.37,964657.5499999998,985136.9499999996,805464.5599999999,61592.11,82373.93999999999,414365.8800000001
2024-2025,2024,50,50 MANCHE,2.0,0.887,0.0,0.0,0.0,0.0,0.0,0.0,2.1,0.0,0.0,2.1,2.1,0.0,0.0,2.1,0.0
2024-2025,2024,51,51 MARNE,11955.0,22359.986899999963,1306157.3599999961,30.6,0.0,0.0,0.0,0.0,1.8,2.8,0.0,1306192.5599999963,1346590.2500000035,1306187.9599999962,0.0,4.6,0.0
2024-2025,2024,52,52 HAUTE-MARNE,25.0,102.15239999999999,2268.19,0.0,0.0,390.29999999999995,253.0,67.5,258.5,10.5,82.8,3330.79,3303.84,2268.19,710.8,351.8,150.3
2024-2025,2024,53,53 MAYENNE,3.0,1.7099000000000002,0.0,0.0,0.0,0.0,0.0,0.0,25.55,1.8,8.5,35.85,37.8,0.0,0.0,35.85,8.5
2024-2025,2024,54,54 MEURTHE-ET-MOSELLE,29.0,118.66459999999998,859.77,496.09999999999997,1091.9799999999998,244.25,12.5,76.5,380.83,183.57,435.2999999999999,3780.7999999999993,3858.620000000001,2447.8499999999995,333.25,999.6999999999998,1603.7799999999997
2024-2025,2024,55,55 MEUSE,7.0,46.220800000000004,0.0,0.0,0.0,1398.26,480.36,392.4,59.4,7.8,9.5,2347.7200000000003,2373.87,0.0,2271.02,76.7,401.9
2024-2025,2024,56,56 MORBIHAN,7.0,24.214599999999997,61.0,0.0,0.0,0.0,0.0,0.0,128.48000000000002,57.6,0.0,247.08,253.5,61.0,0.0,186.08,0.0
2024-2025,2024,57,57 MOSELLE,25.0,100.20920000000001,1392.27,536.96,111.5,228.7,0.0,19.0,571.0699999999999,77.57,12.71,2949.78,2956.02,2040.73,247.7,661.3499999999999,143.21
2024-2025,2024,58,58 NIEVRE,128.0,1566.3353,62951.18000000001,849.6500000000001,262.0,864.8,287.05,34.25,415.13,42.28,50.0,65756.34000000001,66043.11,64062.83000000001,1186.1,507.40999999999997,346.25
2024-2025,2024,59,59 NORD,8.0,11.0478,0.0,0.0,0.0,0.0,0.0,0.0,169.68,0.0,0.3,169.98000000000002,170.0,0.0,0.0,169.98000000000002,0.3
2024-2025,2024,60,60 OISE,3.0,1.4385,0.0,0.0,0.0,0.0,0.0,0.0,14.53,0.0,0.45,14.979999999999999,15.32,0.0,0.0,14.979999999999999,0.45
2024-2025,2024,61,61 ORNE,2.0,0.42,0.0,0.0,0.0,0.0,0.0,0.0,10.1,1.3,0.0,11.4,13.5,0.0,0.0,11.4,0.0
2024-2025,2024,62,62 PAS-DE-CALAIS,17.0,24.5902,0.0,0.0,0.0,0.0,0.0,0.0,568.9699999999999,0.0,0.0,568.9699999999999,571.6199999999999,0.0,0.0,568.9699999999999,0.0
2024-2025,2024,63,63 PUY-DE-DOME,122.0,444.44619999999986,1137.81,4189.6,928.62,365.79,1473.27,90.64999999999999,386.06,1200.03,114.13,9885.96,9999.85,6256.03,1929.71,1700.2199999999998,1133.4
2024-2025,2024,64,64 PYRENEES-ATLANTIQUES,438.0,2538.877700000003,44254.99000000002,22658.700000000008,4863.460000000001,614.42,3334.47,293.41999999999996,1246.6999999999998,977.2700000000001,390.28999999999996,78633.72000000003,79289.82000000007,71777.15000000004,4242.3099999999995,2614.2599999999998,5547.170000000001
2024-2025,2024,65,65 HAUTES-PYRENEES,32.0,212.8979,936.3900000000001,4120.539999999999,391.75,638.7299999999999,1310.1399999999999,618.49,78.39999999999999,165.9,7.0,8267.339999999998,8419.83,5448.679999999999,2567.3599999999997,251.3,1017.24
2024-2025,2024,66,66 PYRENEES-ORIENTALES,1849.0,17699.409000000018,51200.75000000001,77043.48999999998,46573.08999999997,46400.52,46748.87999999998,37812.77999999999,6399.710000000002,7472.569999999998,1093.54,320745.3299999999,328410.1599999996,174817.32999999996,130962.17999999996,14965.82,85479.40999999996
2024-2025,2024,67,67 BAS-RHIN,1268.0,6667.043199999995,349397.9200000006,3994.49,35304.51999999993,0.0,0.0,0.0,2599.18,336.09999999999997,95.85,394406.8300000005,399892.39000000025,388696.9300000005,0.0,3031.1299999999997,35400.36999999993
2024-2025,2024,68,68 HAUT-RHIN,1692.0,8894.80850000005,474371.72,8077.340000000005,44297.429999999986,0.0,0.0,0.0,2910.73,348.90999999999997,226.57999999999998,542191.3999999999,546422.2100000009,526746.49,0.0,3486.22,44524.00999999999
2024-2025,2024,69,69 RHONE,1893.0,14624.422899999996,138640.52999999997,435885.279999999,11819.020000000006,1708.05,2477.3299999999995,167.0,3212.150000000001,6122.19,2706.3399999999997,602816.7799999989,639394.860000002,586344.8299999989,4352.379999999999,12040.68,14692.360000000006
2024-2025,2024,70,70 HAUTE-SAONE,9.0,82.41529999999999,0.0,0.0,0.0,685.4,504.0,116.0,61.529999999999994,152.95999999999998,14.0,1533.89,1552.19,0.0,1305.4,228.48999999999998,130.0
2024-2025,2024,71,71 SAONE-ET-LOIRE,1613.0,13332.233200000028,442134.4500000017,139589.5299999996,1226.7500000000002,237.11000000000004,180.28,58.3,9207.660000000003,687.5,630.61,598182.4200000013,612857.6300000021,582950.7300000013,475.69000000000005,10525.770000000004,1915.6600000000003
2024-2025,2024,72,72 SARTHE,42.0,220.58600000000004,2525.8599999999997,634.5600000000001,278.52,163.5,119.19,53.4,472.78999999999996,199.82,161.31,4608.95,4742.83,3438.9399999999996,336.09,833.9199999999998,493.22999999999996
2024-2025,2024,73,73 SAVOIE,292.0,1862.6969000000004,58477.82999999999,19281.57,3787.9400000000005,3545.6699999999996,1183.5599999999997,178.8,3144.100000000001,666.09,745.36,91737.09999999999,92721.01000000001,81547.34,4908.03,4555.550000000001,4712.1
2024-2025,2024,74,74 HAUTE-SAVOIE,57.0,244.57530000000006,4019.4400000000005,556.52,79.0,551.5000000000001,116.64,15.0,1791.2900000000002,1508.7100000000003,11.0,8659.100000000002,8681.320000000002,4654.960000000001,683.1400000000001,3311.0000000000005,105.0
2024-2025,2024,76,76 SEINE-MARITIME,3.0,2.4711999999999996,0.0,0.0,0.0,0.0,0.0,0.0,11.600000000000001,0.0,0.0,11.600000000000001,11.9,0.0,0.0,11.600000000000001,0.0
2024-2025,2024,77,77 SEINE-ET-MARNE,27.0,42.2276,1897.6099999999997,0.0,0.0,126.45,59.51,2.22,19.91,0.0,0.0,2105.6999999999994,2162.7499999999995,1897.6099999999997,188.18,19.91,2.22
2024-2025,2024,78,78 YVELINES,5.0,3.2995,0.0,0.0,0.0,38.0,20.5,0.0,40.58,3.4000000000000004,0.0,102.48,102.47999999999999,0.0,58.5,43.98,0.0
2024-2025,2024,79,79 DEUX-SEVRES,45.0,816.3587999999997,13274.37,1181.0,22501.8,1346.7199999999998,116.56,855.32,2870.1200000000003,114.3,820.35,45782.14,46794.55000000002,36957.17,2318.6,3804.7700000000004,24177.469999999998
2024-2025,2024,80,80 SOMME,16.0,33.393299999999996,0.0,0.0,0.0,0.0,0.0,0.0,640.83,9.0,23.0,672.83,672.83,0.0,0.0,672.83,23.0
2024-2025,2024,81,81 TARN,335.0,6008.084399999999,29366.219999999987,51016.26999999998,11021.359999999999,60199.40999999996,69333.84000000004,34341.51,20302.5,12577.349999999997,9071.089999999995,297229.54999999993,301935.01,91403.84999999996,163874.76,41950.939999999995,54433.96
2024-2025,2024,82,82 TARN-ET-GARONNE,129.0,1388.4523000000004,0.0,15050.880000000001,6976.919999999998,2083.29,13409.29,22291.510000000002,927.3900000000001,4158.400000000001,2482.27,67379.95000000001,68953.23000000001,22027.8,37784.090000000004,7568.060000000001,31750.7
2024-2025,2024,83,83 VAR,2959.0,28544.371000000003,50937.76,53470.500000000015,774864.2799999997,28948.88,27000.4,230699.82000000024,2188.07,3572.19,9281.430000000002,1180963.3299999998,1245053.1699999971,879272.5399999997,286649.1000000002,15041.690000000002,1014845.5299999999
2024-2025,2024,84,84 VAUCLUSE,3129.0,44747.502700000005,101532.93999999992,826327.4300000006,162926.16999999998,69952.26999999993,111665.95999999999,214849.71000000008,6110.660000000002,22824.309999999998,4985.420000000001,1523635.0400000003,1571886.210000007,1090786.5400000005,396467.94,33920.39,382761.30000000005
2024-2025,2024,85,85 VENDEE,36.0,881.1037000000001,4932.06,3586.35,3380.35,3953.2000000000003,2089.65,2691.2999999999997,2592.4,610.4499999999999,1690.95,25526.710000000003,26184.749999999993,11898.76,8734.15,4893.8,7762.599999999999
2024-2025,2024,86,86 VIENNE,110.0,1130.7833000000005,18652.040000000005,3768.38,9009.249999999998,13124.759999999995,2295.17,1983.7999999999997,7261.5199999999995,1130.56,1464.8099999999997,59272.799999999996,59845.50000000004,31429.670000000006,17403.729999999996,9856.89,12457.859999999997
2024-2025,2024,87,87 HAUTE-VIENNE,1.0,6.279999999999999,0.0,0.0,0.0,0.0,0.0,23.0,0.0,0.0,0.0,23.0,27.9,0.0,23.0,0.0,23.0
2024-2025,2024,88,88 VOSGES,39.0,5.5126,0.0,0.0,0.0,0.0,0.0,0.0,12.5,66.88000000000001,0.0,79.38000000000001,79.38000000000001,0.0,0.0,79.38000000000001,0.0
2024-2025,2024,89,89 YONNE,791.0,8364.967100000013,233298.76,17046.839999999993,591.3900000000001,546.36,82.53999999999999,0.0,300.54,129.64999999999998,27.0,254048.1,256047.21999999956,250936.99000000002,628.9,457.19,618.3900000000001
2024-2025,2024,91,91 ESSONNE,5.0,11.509199999999998,0.0,0.0,0.0,133.3,153.3,0.0,86.0,0.0,0.0,372.6,372.6,0.0,286.6,86.0,0.0
2024-2025,2024,92,92 VAL DE SEINE,2.0,1.2308,0.0,0.0,0.0,3.8,0.0,0.0,0.0,0.0,0.0,3.8,3.8,0.0,3.8,0.0,0.0
2024-2025,2024,93,93 SEINE SAINT DENIS,4.0,22.6188,0.0,0.0,0.0,59.65,17.1,0.0,1.5,0.3,0.0,78.55,80.44,0.0,76.75,1.8,0.0
2024-2025,2024,94,94 VAL DE MARNE,2.0,0.2316,0.0,0.0,0.0,0.0,0.0,0.0,4.15,0.0,0.0,4.15,4.15,0.0,0.0,4.15,0.0
2024-2025,2024,95,95 VAL D'OISE,6.0,10.586699999999999,0.0,0.0,0.0,9.9,4.05,0.0,147.5,0.58,0.0,162.03,164.85,0.0,13.95,148.08,0.0
